FactKey,ProductKey,DateKey,CityKey,Price,StockQuantity,Discount,Sales,Rating,NumReviews
1,56,20230614,21,351.66,597,0.42,498,4.0,504
2,56,20230614,21,351.66,597,0.42,498,4.0,504
3,31,20230614,12,439.80,185,0.00,128,2.7,361
4,31,20230614,12,439.80,185,0.00,128,2.7,361
5,13,20230615,19,455.14,22,0.23,301,3.3,4807
6,13,20230615,19,455.14,22,0.23,301,3.3,4807
7,84,20230616,30,76.82,211,0.13,803,3.9,4564
8,84,20230616,30,76.82,211,0.13,803,3.9,4564
9,73,20230618,64,457.39,480,0.13,1771,3.3,3986
10,73,20230618,64,457.39,480,0.13,1771,3.3,3986
11,62,20230618,25,130.86,72,0.38,1983,2.9,3049
12,62,20230618,25,130.86,72,0.38,1983,2.9,3049
13,20,20230619,58,317.48,376,0.38,920,4.5,1262
14,20,20230619,58,317.48,376,0.38,920,4.5,1262
15,93,20230620,67,252.05,677,0.25,1853,4.5,2202
16,93,20230620,67,252.05,677,0.25,1853,4.5,2202
17,70,20230620,50,231.35,684,0.06,1240,2.4,3164
18,70,20230620,50,231.35,684,0.06,1240,2.4,3164
19,69,20230620,37,447.88,323,0.09,1689,1.3,3388
20,69,20230620,37,447.88,323,0.09,1689,1.3,3388
21,89,20230620,26,139.91,86,0.08,821,2.7,81
22,89,20230620,26,139.91,86,0.08,821,2.7,81
23,41,20230620,17,156.79,161,0.40,1679,1.3,2422
24,41,20230620,17,156.79,161,0.40,1679,1.3,2422
25,48,20230620,10,490.76,600,0.46,310,3.3,356
26,48,20230620,10,490.76,600,0.46,310,3.3,356
27,83,20230621,90,202.88,83,0.43,618,2.9,1797
28,83,20230621,90,202.88,83,0.43,618,2.9,1797
29,95,20230621,45,217.24,533,0.23,1132,4.2,4402
30,95,20230621,45,217.24,533,0.23,1132,4.2,4402
31,6,20230621,27,57.94,611,0.09,1757,3.0,4646
32,6,20230621,27,57.94,611,0.09,1757,3.0,4646
33,7,20230621,4,180.68,276,0.48,675,4.7,728
34,7,20230621,4,180.68,276,0.48,675,4.7,728
35,66,20230622,60,179.81,783,0.09,949,2.6,4319
36,66,20230622,60,179.81,783,0.09,949,2.6,4319
37,10,20230622,40,356.54,804,0.25,1534,4.1,1573
38,10,20230622,40,356.54,804,0.25,1534,4.1,1573
39,55,20230622,34,269.07,377,0.14,922,4.3,3988
40,55,20230622,34,269.07,377,0.14,922,4.3,3988
41,83,20230622,24,162.97,665,0.18,1331,3.9,4662
42,83,20230622,24,162.97,665,0.18,1331,3.9,4662
43,5,20230623,1,466.07,694,0.38,216,4.4,3440
44,5,20230623,1,466.07,694,0.38,216,4.4,3440
45,46,20230624,7,16.38,882,0.37,124,1.1,619
46,46,20230624,7,16.38,882,0.37,124,1.1,619
47,23,20230625,21,49.95,92,0.21,1230,2.6,4540
48,23,20230625,21,49.95,92,0.21,1230,2.6,4540
49,38,20230625,1,12.70,135,0.02,891,1.0,1213
50,38,20230625,1,12.70,135,0.02,891,1.0,1213
51,49,20230626,30,324.40,282,0.34,480,3.8,1742
52,49,20230626,30,324.40,282,0.34,480,3.8,1742
53,75,20230626,25,198.52,645,0.29,1093,2.7,44
54,75,20230626,25,198.52,645,0.29,1093,2.7,44
55,47,20230627,65,449.86,330,0.40,1546,3.7,3823
56,47,20230627,65,449.86,330,0.40,1546,3.7,3823
57,87,20230627,25,432.85,310,0.02,707,2.9,587
58,87,20230627,25,432.85,310,0.02,707,2.9,587
59,3,20230627,9,485.10,201,0.45,269,4.1,161
60,3,20230627,9,485.10,201,0.45,269,4.1,161
61,65,20230628,45,219.94,381,0.07,452,3.9,4266
62,65,20230628,45,219.94,381,0.07,452,3.9,4266
63,7,20230628,38,415.66,102,0.04,876,2.1,4
64,7,20230628,38,415.66,102,0.04,876,2.1,4
65,57,20230629,2,400.89,75,0.28,1822,2.5,698
66,57,20230629,2,400.89,75,0.28,1822,2.5,698
67,8,20230630,51,373.08,360,0.37,386,4.1,894
68,8,20230630,51,373.08,360,0.37,386,4.1,894
69,39,20230701,88,261.06,853,0.13,1185,1.4,578
70,39,20230701,88,261.06,853,0.13,1185,1.4,578
71,100,20230701,32,404.51,84,0.48,610,4.4,392
72,100,20230701,32,404.51,84,0.48,610,4.4,392
73,38,20230701,25,161.59,249,0.36,1176,4.3,987
74,38,20230701,25,161.59,249,0.36,1176,4.3,987
75,32,20230701,13,269.85,777,0.40,651,1.2,369
76,32,20230701,13,269.85,777,0.40,651,1.2,369
77,56,20230701,5,43.67,121,0.17,95,2.5,2890
78,56,20230701,5,43.67,121,0.17,95,2.5,2890
79,47,20230702,62,301.61,408,0.48,1211,1.0,4266
80,47,20230702,62,301.61,408,0.48,1211,1.0,4266
81,3,20230702,25,83.85,348,0.43,763,3.0,2511
82,3,20230702,25,83.85,348,0.43,763,3.0,2511
83,61,20230702,14,99.07,911,0.02,428,1.6,4827
84,61,20230702,14,99.07,911,0.02,428,1.6,4827
85,71,20230704,10,201.05,586,0.41,565,2.9,4703
86,71,20230704,10,201.05,586,0.41,565,2.9,4703
87,27,20230705,74,205.42,739,0.30,943,3.3,3371
88,27,20230705,74,205.42,739,0.30,943,3.3,3371
89,76,20230705,68,212.08,111,0.07,1200,1.8,4391
90,76,20230705,68,212.08,111,0.07,1200,1.8,4391
91,81,20230705,34,172.89,541,0.18,905,2.3,3964
92,81,20230705,34,172.89,541,0.18,905,2.3,3964
93,48,20230705,1,103.65,510,0.32,1192,2.2,4082
94,48,20230705,1,103.65,510,0.32,1192,2.2,4082
95,88,20230706,60,361.51,925,0.48,1237,2.8,4573
96,88,20230706,60,361.51,925,0.48,1237,2.8,4573
97,47,20230706,23,120.80,211,0.12,1714,2.2,3388
98,47,20230706,23,120.80,211,0.12,1714,2.2,3388
99,82,20230707,58,463.77,93,0.10,1738,1.6,2415
100,82,20230707,58,463.77,93,0.10,1738,1.6,2415
101,42,20230707,38,441.35,761,0.23,998,3.5,3735
102,42,20230707,38,441.35,761,0.23,998,3.5,3735
103,83,20230710,77,303.69,432,0.06,131,1.8,3085
104,83,20230710,77,303.69,432,0.06,131,1.8,3085
105,30,20230710,56,272.30,241,0.31,1716,1.9,2009
106,30,20230710,56,272.30,241,0.31,1716,1.9,2009
107,2,20230710,30,294.54,152,0.00,1919,2.5,98
108,2,20230710,30,294.54,152,0.00,1919,2.5,98
109,84,20230710,28,52.68,153,0.13,1456,2.9,1177
110,84,20230710,28,52.68,153,0.13,1456,2.9,1177
111,44,20230711,83,405.23,328,0.03,940,2.9,2558
112,44,20230711,83,405.23,328,0.03,940,2.9,2558
113,86,20230711,76,436.14,972,0.17,200,2.9,372
114,86,20230711,76,436.14,972,0.17,200,2.9,372
115,65,20230711,43,334.30,990,0.02,395,3.5,3814
116,65,20230711,43,334.30,990,0.02,395,3.5,3814
117,20,20230711,20,421.57,21,0.07,1730,4.1,3155
118,20,20230711,20,421.57,21,0.07,1730,4.1,3155
119,93,20230711,5,48.37,105,0.22,1194,3.3,505
120,93,20230711,5,48.37,105,0.22,1194,3.3,505
121,26,20230712,88,375.97,20,0.10,1014,3.9,1004
122,26,20230712,88,375.97,20,0.10,1014,3.9,1004
123,88,20230712,85,112.46,188,0.49,615,1.5,989
124,88,20230712,85,112.46,188,0.49,615,1.5,989
125,78,20230712,83,105.90,127,0.21,1296,4.3,2681
126,78,20230712,83,105.90,127,0.21,1296,4.3,2681
127,26,20230712,75,413.02,94,0.24,1133,1.5,4259
128,26,20230712,75,413.02,94,0.24,1133,1.5,4259
129,95,20230712,39,102.23,406,0.20,1116,1.7,838
130,95,20230712,39,102.23,406,0.20,1116,1.7,838
131,35,20230712,22,458.39,453,0.40,774,3.1,4563
132,35,20230712,22,458.39,453,0.40,774,3.1,4563
133,53,20230713,72,42.82,750,0.27,291,4.5,2763
134,53,20230713,72,42.82,750,0.27,291,4.5,2763
135,18,20230713,64,382.90,993,0.17,571,3.2,1247
136,18,20230713,64,382.90,993,0.17,571,3.2,1247
137,100,20230714,87,141.74,231,0.07,1218,5.0,1906
138,100,20230714,87,141.74,231,0.07,1218,5.0,1906
139,29,20230714,80,175.75,968,0.19,1850,4.7,2230
140,29,20230714,80,175.75,968,0.19,1850,4.7,2230
141,89,20230714,38,185.74,295,0.05,813,2.1,4568
142,89,20230714,38,185.74,295,0.05,813,2.1,4568
143,26,20230715,50,228.71,811,0.04,452,2.3,661
144,26,20230715,50,228.71,811,0.04,452,2.3,661
145,90,20230716,43,235.56,853,0.48,1602,1.9,2261
146,90,20230716,43,235.56,853,0.48,1602,1.9,2261
147,79,20230716,32,432.83,845,0.43,1454,2.1,2521
148,79,20230716,32,432.83,845,0.43,1454,2.1,2521
149,77,20230717,13,361.56,171,0.10,1146,2.9,966
150,77,20230717,13,361.56,171,0.10,1146,2.9,966
151,34,20230718,45,247.50,21,0.42,1089,1.7,1537
152,34,20230718,45,247.50,21,0.42,1089,1.7,1537
153,95,20230718,12,395.39,580,0.22,811,2.0,1645
154,95,20230718,12,395.39,580,0.22,811,2.0,1645
155,98,20230719,76,336.54,402,0.05,614,2.1,2544
156,98,20230719,76,336.54,402,0.05,614,2.1,2544
157,31,20230719,12,50.26,647,0.38,920,4.9,1246
158,31,20230719,12,50.26,647,0.38,920,4.9,1246
159,49,20230720,86,316.19,594,0.31,499,3.3,3062
160,49,20230720,86,316.19,594,0.31,499,3.3,3062
161,97,20230720,80,442.17,274,0.20,718,4.8,4376
162,97,20230720,80,442.17,274,0.20,718,4.8,4376
163,83,20230720,29,272.32,839,0.16,1290,3.5,4500
164,83,20230720,29,272.32,839,0.16,1290,3.5,4500
165,78,20230720,6,125.03,531,0.41,1957,4.3,3199
166,78,20230720,6,125.03,531,0.41,1957,4.3,3199
167,7,20230721,49,124.28,832,0.44,1680,3.3,1388
168,7,20230721,49,124.28,832,0.44,1680,3.3,1388
169,77,20230721,47,256.82,451,0.38,1039,4.5,1004
170,77,20230721,47,256.82,451,0.38,1039,4.5,1004
171,66,20230721,8,21.53,906,0.28,3,2.7,2176
172,66,20230721,8,21.53,906,0.28,3,2.7,2176
173,62,20230721,4,207.57,919,0.31,144,4.3,1895
174,62,20230721,4,207.57,919,0.31,144,4.3,1895
175,54,20230722,63,139.67,206,0.39,1814,3.6,974
176,54,20230722,63,139.67,206,0.39,1814,3.6,974
177,13,20230722,46,492.36,609,0.14,74,3.1,3180
178,13,20230722,46,492.36,609,0.14,74,3.1,3180
179,18,20230722,34,490.78,447,0.27,674,3.5,4795
180,18,20230722,34,490.78,447,0.27,674,3.5,4795
181,90,20230722,22,35.83,550,0.46,394,2.8,2758
182,90,20230722,22,35.83,550,0.46,394,2.8,2758
183,86,20230723,65,16.96,573,0.35,1552,2.0,574
184,86,20230723,65,16.96,573,0.35,1552,2.0,574
185,89,20230723,64,254.18,195,0.27,13,3.4,1992
186,89,20230723,64,254.18,195,0.27,13,3.4,1992
187,78,20230723,49,32.57,861,0.30,998,4.7,1505
188,78,20230723,49,32.57,861,0.30,998,4.7,1505
189,22,20230723,21,35.33,197,0.09,1082,3.6,1058
190,22,20230723,21,35.33,197,0.09,1082,3.6,1058
191,42,20230724,33,96.81,532,0.48,358,3.0,382
192,42,20230724,33,96.81,532,0.48,358,3.0,382
193,87,20230724,19,340.28,149,0.04,58,1.1,918
194,87,20230724,19,340.28,149,0.04,58,1.1,918
195,86,20230724,14,228.18,589,0.05,421,3.0,569
196,86,20230724,14,228.18,589,0.05,421,3.0,569
197,20,20230724,12,371.42,428,0.18,1693,2.0,2050
198,20,20230724,12,371.42,428,0.18,1693,2.0,2050
199,90,20230725,77,210.50,473,0.22,1130,2.3,4266
200,90,20230725,77,210.50,473,0.22,1130,2.3,4266
201,95,20230725,61,492.03,766,0.18,1590,2.4,3142
202,95,20230725,61,492.03,766,0.18,1590,2.4,3142
203,96,20230726,74,340.86,872,0.06,1837,1.8,4771
204,96,20230726,74,340.86,872,0.06,1837,1.8,4771
205,50,20230726,71,476.20,107,0.23,1506,2.2,2195
206,50,20230726,71,476.20,107,0.23,1506,2.2,2195
207,67,20230726,59,383.22,338,0.49,287,3.0,2462
208,67,20230726,59,383.22,338,0.49,287,3.0,2462
209,13,20230726,47,378.68,288,0.02,597,3.8,950
210,13,20230726,47,378.68,288,0.02,597,3.8,950
211,73,20230726,41,213.60,901,0.01,1677,4.6,2597
212,73,20230726,41,213.60,901,0.01,1677,4.6,2597
213,60,20230726,21,345.99,89,0.20,972,4.6,3255
214,60,20230726,21,345.99,89,0.20,972,4.6,3255
215,25,20230727,67,205.66,979,0.46,363,1.6,1540
216,25,20230727,67,205.66,979,0.46,363,1.6,1540
217,41,20230727,45,84.64,732,0.29,1830,2.1,3701
218,41,20230727,45,84.64,732,0.29,1830,2.1,3701
219,39,20230727,44,162.50,687,0.11,1227,3.7,929
220,39,20230727,44,162.50,687,0.11,1227,3.7,929
221,63,20230727,28,34.31,71,0.46,1291,3.9,2951
222,63,20230727,28,34.31,71,0.46,1291,3.9,2951
223,66,20230727,22,266.56,224,0.25,991,2.0,3792
224,66,20230727,22,266.56,224,0.25,991,2.0,3792
225,47,20230728,77,332.97,866,0.25,695,1.4,4675
226,47,20230728,77,332.97,866,0.25,695,1.4,4675
227,53,20230728,71,291.95,204,0.35,244,1.1,238
228,53,20230728,71,291.95,204,0.35,244,1.1,238
229,9,20230728,62,297.40,612,0.18,1305,3.3,2472
230,9,20230728,62,297.40,612,0.18,1305,3.3,2472
231,50,20230728,53,220.50,389,0.06,1263,2.2,3407
232,50,20230728,53,220.50,389,0.06,1263,2.2,3407
233,82,20230728,51,467.15,573,0.41,1744,3.3,3598
234,82,20230728,51,467.15,573,0.41,1744,3.3,3598
235,91,20230728,2,133.39,372,0.43,1778,4.3,1397
236,91,20230728,2,133.39,372,0.43,1778,4.3,1397
237,80,20230729,9,476.18,430,0.09,981,1.5,1407
238,80,20230729,9,476.18,430,0.09,981,1.5,1407
239,10,20230730,65,241.85,605,0.05,1604,3.4,3490
240,10,20230730,65,241.85,605,0.05,1604,3.4,3490
241,73,20230730,55,111.22,978,0.20,955,2.3,324
242,73,20230730,55,111.22,978,0.20,955,2.3,324
243,56,20230730,48,42.57,313,0.39,1452,4.1,249
244,56,20230730,48,42.57,313,0.39,1452,4.1,249
245,52,20230730,24,115.06,295,0.18,945,2.1,4897
246,52,20230730,24,115.06,295,0.18,945,2.1,4897
247,57,20230730,23,25.55,339,0.44,1167,2.7,4735
248,57,20230730,23,25.55,339,0.44,1167,2.7,4735
249,21,20230731,19,349.67,886,0.34,1895,4.3,105
250,21,20230731,19,349.67,886,0.34,1895,4.3,105
251,30,20230801,84,69.80,845,0.44,988,3.4,542
252,30,20230801,84,69.80,845,0.44,988,3.4,542
253,72,20230801,64,13.59,332,0.50,8,1.1,3087
254,72,20230801,64,13.59,332,0.50,8,1.1,3087
255,14,20230801,57,456.81,984,0.13,1639,1.6,3281
256,14,20230801,57,456.81,984,0.13,1639,1.6,3281
257,18,20230802,49,26.63,882,0.46,1521,3.8,4232
258,57,20230802,49,248.20,278,0.15,1799,4.7,4204
259,18,20230802,49,26.63,882,0.46,1521,3.8,4232
260,57,20230802,49,248.20,278,0.15,1799,4.7,4204
261,7,20230803,31,423.99,114,0.14,1219,1.1,417
262,7,20230803,31,423.99,114,0.14,1219,1.1,417
263,68,20230803,24,214.42,494,0.38,717,1.6,2415
264,68,20230803,24,214.42,494,0.38,717,1.6,2415
265,32,20230803,22,15.41,741,0.13,649,2.7,2293
266,32,20230803,22,15.41,741,0.13,649,2.7,2293
267,17,20230803,17,61.86,6,0.44,556,3.8,4795
268,17,20230803,17,61.86,6,0.44,556,3.8,4795
269,70,20230804,89,232.55,790,0.16,746,2.6,2476
270,70,20230804,89,232.55,790,0.16,746,2.6,2476
271,48,20230804,84,18.60,54,0.26,755,2.2,32
272,48,20230804,84,18.60,54,0.26,755,2.2,32
273,53,20230804,63,160.38,527,0.10,1082,2.7,53
274,53,20230804,63,160.38,527,0.10,1082,2.7,53
275,62,20230804,46,456.20,470,0.31,925,3.0,4660
276,62,20230804,46,456.20,470,0.31,925,3.0,4660
277,87,20230805,51,455.34,532,0.47,79,4.1,2266
278,87,20230805,51,455.34,532,0.47,79,4.1,2266
279,74,20230805,50,184.72,307,0.26,1781,4.6,72
280,74,20230805,50,184.72,307,0.26,1781,4.6,72
281,19,20230806,79,334.21,492,0.31,893,4.0,4111
282,19,20230806,79,334.21,492,0.31,893,4.0,4111
283,93,20230806,57,479.41,104,0.08,45,1.1,3549
284,93,20230806,57,479.41,104,0.08,45,1.1,3549
285,89,20230806,24,267.79,815,0.37,677,3.8,3350
286,89,20230806,24,267.79,815,0.37,677,3.8,3350
287,37,20230806,3,416.22,267,0.15,1856,5.0,4008
288,37,20230806,3,416.22,267,0.15,1856,5.0,4008
289,55,20230807,88,209.98,793,0.13,24,4.5,2463
290,55,20230807,88,209.98,793,0.13,24,4.5,2463
291,85,20230807,80,425.61,274,0.10,1274,3.7,4957
292,85,20230807,80,425.61,274,0.10,1274,3.7,4957
293,23,20230807,42,61.42,45,0.07,591,2.0,2936
294,23,20230807,42,61.42,45,0.07,591,2.0,2936
295,32,20230807,12,325.25,226,0.07,1765,4.1,1013
296,32,20230807,12,325.25,226,0.07,1765,4.1,1013
297,4,20230807,8,201.62,389,0.10,1795,1.7,3073
298,4,20230807,8,201.62,389,0.10,1795,1.7,3073
299,16,20230807,5,200.75,186,0.15,1250,2.2,1136
300,16,20230807,5,200.75,186,0.15,1250,2.2,1136
301,13,20230808,67,274.49,664,0.18,1006,2.8,992
302,13,20230808,67,274.49,664,0.18,1006,2.8,992
303,75,20230808,48,224.16,714,0.42,998,3.5,3510
304,75,20230808,48,224.16,714,0.42,998,3.5,3510
305,97,20230808,34,383.64,696,0.40,386,3.3,1228
306,97,20230808,34,383.64,696,0.40,386,3.3,1228
307,30,20230809,49,348.89,551,0.41,1382,3.5,1638
308,30,20230809,49,348.89,551,0.41,1382,3.5,1638
309,32,20230809,26,480.19,496,0.27,702,3.0,3042
310,32,20230809,26,480.19,496,0.27,702,3.0,3042
311,46,20230810,70,289.62,972,0.49,622,3.3,4579
312,46,20230810,70,289.62,972,0.49,622,3.3,4579
313,81,20230810,51,82.77,73,0.48,1705,3.4,3168
314,81,20230810,51,82.77,73,0.48,1705,3.4,3168
315,61,20230810,48,115.20,513,0.37,1723,1.3,2799
316,61,20230810,48,115.20,513,0.37,1723,1.3,2799
317,4,20230810,5,394.74,831,0.23,1508,1.8,1267
318,4,20230810,5,394.74,831,0.23,1508,1.8,1267
319,74,20230811,89,267.20,490,0.29,1735,2.8,2313
320,74,20230811,89,267.20,490,0.29,1735,2.8,2313
321,69,20230811,76,367.94,329,0.24,390,1.5,1192
322,69,20230811,76,367.94,329,0.24,390,1.5,1192
323,12,20230811,36,185.50,673,0.24,770,1.5,249
324,12,20230811,36,185.50,673,0.24,770,1.5,249
325,68,20230811,18,113.06,530,0.06,1319,4.1,1131
326,68,20230811,18,113.06,530,0.06,1319,4.1,1131
327,40,20230811,11,58.66,447,0.21,1586,1.8,4458
328,40,20230811,11,58.66,447,0.21,1586,1.8,4458
329,71,20230812,78,418.27,629,0.31,1503,2.2,2163
330,71,20230812,78,418.27,629,0.31,1503,2.2,2163
331,68,20230812,36,482.27,489,0.44,181,1.5,194
332,68,20230812,36,482.27,489,0.44,181,1.5,194
333,78,20230812,29,493.58,505,0.27,493,4.0,4565
334,78,20230812,29,493.58,505,0.27,493,4.0,4565
335,17,20230812,25,124.47,948,0.49,584,1.2,704
336,17,20230812,25,124.47,948,0.49,584,1.2,704
337,36,20230812,18,252.30,130,0.36,1956,4.9,3652
338,36,20230812,18,252.30,130,0.36,1956,4.9,3652
339,3,20230813,17,256.29,480,0.10,1852,3.3,959
340,3,20230813,17,256.29,480,0.10,1852,3.3,959
341,76,20230814,44,241.15,939,0.11,1906,3.2,4908
342,76,20230814,44,241.15,939,0.11,1906,3.2,4908
343,32,20230815,62,136.63,396,0.11,1661,3.2,2196
344,32,20230815,62,136.63,396,0.11,1661,3.2,2196
345,38,20230816,13,26.00,727,0.48,1031,4.5,4577
346,38,20230816,13,26.00,727,0.48,1031,4.5,4577
347,66,20230817,86,32.19,277,0.34,988,3.6,3748
348,66,20230817,86,32.19,277,0.34,988,3.6,3748
349,28,20230817,79,402.17,229,0.30,66,1.9,2823
350,28,20230817,79,402.17,229,0.30,66,1.9,2823
351,95,20230818,72,291.23,846,0.25,1603,2.4,2752
352,95,20230818,72,291.23,846,0.25,1603,2.4,2752
353,70,20230818,23,106.16,751,0.14,1942,1.5,857
354,70,20230818,23,106.16,751,0.14,1942,1.5,857
355,67,20230819,67,12.65,792,0.01,777,1.0,3867
356,67,20230819,67,12.65,792,0.01,777,1.0,3867
357,60,20230821,39,19.38,58,0.35,779,4.1,374
358,60,20230821,39,19.38,58,0.35,779,4.1,374
359,58,20230822,7,284.19,47,0.20,1462,3.7,226
360,58,20230822,7,284.19,47,0.20,1462,3.7,226
361,42,20230823,65,60.35,153,0.36,1749,1.8,1884
362,42,20230823,65,60.35,153,0.36,1749,1.8,1884
363,81,20230823,51,174.80,389,0.28,241,4.7,377
364,81,20230823,51,174.80,389,0.28,241,4.7,377
365,81,20230823,32,336.79,502,0.36,1675,2.7,3597
366,81,20230823,32,336.79,502,0.36,1675,2.7,3597
367,34,20230823,21,432.37,85,0.15,1959,2.8,3750
368,34,20230823,21,432.37,85,0.15,1959,2.8,3750
369,95,20230824,76,499.68,461,0.34,1075,1.8,886
370,95,20230824,76,499.68,461,0.34,1075,1.8,886
371,27,20230824,63,92.33,672,0.11,661,3.9,1249
372,27,20230824,63,92.33,672,0.11,661,3.9,1249
373,19,20230824,32,328.58,187,0.24,130,2.5,2667
374,19,20230824,32,328.58,187,0.24,130,2.5,2667
375,23,20230824,18,236.69,953,0.37,403,4.5,158
376,23,20230824,18,236.69,953,0.37,403,4.5,158
377,23,20230824,16,435.45,915,0.13,1665,1.8,956
378,23,20230824,16,435.45,915,0.13,1665,1.8,956
379,68,20230825,13,119.92,519,0.47,719,1.9,3028
380,68,20230825,13,119.92,519,0.47,719,1.9,3028
381,72,20230825,8,280.66,188,0.29,1788,3.4,4552
382,72,20230825,8,280.66,188,0.29,1788,3.4,4552
383,27,20230826,90,233.86,171,0.33,1232,1.8,2774
384,27,20230826,90,233.86,171,0.33,1232,1.8,2774
385,78,20230826,63,458.75,914,0.16,1505,3.9,1910
386,78,20230826,63,458.75,914,0.16,1505,3.9,1910
387,99,20230826,23,94.47,559,0.08,370,4.5,3979
388,99,20230826,23,94.47,559,0.08,370,4.5,3979
389,32,20230827,91,422.03,788,0.41,758,1.2,2279
390,48,20230827,22,407.33,535,0.33,1858,4.3,3607
391,48,20230827,22,407.33,535,0.33,1858,4.3,3607
392,62,20230827,9,89.77,653,0.22,1534,3.4,1398
393,62,20230827,9,89.77,653,0.22,1534,3.4,1398
394,95,20230828,56,256.41,556,0.48,1055,4.2,926
395,95,20230828,56,256.41,556,0.48,1055,4.2,926
396,51,20230828,25,198.33,418,0.01,825,1.1,1907
397,51,20230828,25,198.33,418,0.01,825,1.1,1907
398,75,20230828,12,18.17,731,0.21,698,1.8,4534
399,75,20230828,12,18.17,731,0.21,698,1.8,4534
400,33,20230828,3,182.66,861,0.49,930,4.4,1674
401,33,20230828,3,182.66,861,0.49,930,4.4,1674
402,82,20230828,2,169.06,852,0.14,38,3.7,69
403,82,20230828,2,169.06,852,0.14,38,3.7,69
404,12,20230829,57,195.15,50,0.14,1795,2.0,2048
405,12,20230829,57,195.15,50,0.14,1795,2.0,2048
406,13,20230829,53,284.22,924,0.04,1666,1.6,3335
407,13,20230829,53,284.22,924,0.04,1666,1.6,3335
408,13,20230829,46,142.66,992,0.01,1499,3.6,3451
409,13,20230829,46,142.66,992,0.01,1499,3.6,3451
410,30,20230829,42,200.44,413,0.46,1195,1.7,4083
411,94,20230829,42,454.42,275,0.23,675,1.7,1667
412,30,20230829,42,200.44,413,0.46,1195,1.7,4083
413,94,20230829,42,454.42,275,0.23,675,1.7,1667
414,52,20230829,39,275.58,72,0.42,617,4.8,3491
415,52,20230829,39,275.58,72,0.42,617,4.8,3491
416,31,20230830,13,324.00,129,0.33,466,1.9,4349
417,31,20230830,13,324.00,129,0.33,466,1.9,4349
418,94,20230831,70,265.65,642,0.10,252,1.9,1052
419,94,20230831,70,265.65,642,0.10,252,1.9,1052
420,40,20230831,67,321.19,933,0.06,675,2.8,1143
421,40,20230831,67,321.19,933,0.06,675,2.8,1143
422,11,20230831,56,373.15,872,0.38,1851,3.3,3850
423,11,20230831,56,373.15,872,0.38,1851,3.3,3850
424,38,20230901,88,44.79,40,0.47,958,1.3,2702
425,38,20230901,88,44.79,40,0.47,958,1.3,2702
426,77,20230901,43,394.69,919,0.05,133,2.1,4613
427,77,20230901,43,394.69,919,0.05,133,2.1,4613
428,94,20230901,6,273.27,811,0.31,38,3.7,2431
429,94,20230901,6,273.27,811,0.31,38,3.7,2431
430,78,20230902,29,172.49,537,0.12,893,3.0,2378
431,78,20230902,29,172.49,537,0.12,893,3.0,2378
432,49,20230902,15,152.83,389,0.40,294,4.1,2556
433,49,20230902,15,152.83,389,0.40,294,4.1,2556
434,32,20230903,56,469.32,769,0.07,462,1.2,3537
435,32,20230903,56,469.32,769,0.07,462,1.2,3537
436,84,20230903,8,393.67,351,0.42,1321,4.0,755
437,84,20230903,8,393.67,351,0.42,1321,4.0,755
438,98,20230904,56,298.33,731,0.03,1712,1.8,2153
439,98,20230904,56,298.33,731,0.03,1712,1.8,2153
440,13,20230904,25,216.80,704,0.04,1315,2.4,1386
441,13,20230904,25,216.80,704,0.04,1315,2.4,1386
442,59,20230905,76,261.32,131,0.49,1095,4.5,4405
443,59,20230905,76,261.32,131,0.49,1095,4.5,4405
444,89,20230905,45,440.87,670,0.13,896,3.1,3362
445,89,20230905,45,440.87,670,0.13,896,3.1,3362
446,43,20230905,20,323.83,402,0.18,1336,4.9,1556
447,43,20230905,20,323.83,402,0.18,1336,4.9,1556
448,65,20230905,13,290.28,310,0.08,1683,4.2,2074
449,65,20230905,13,290.28,310,0.08,1683,4.2,2074
450,65,20230906,52,483.00,155,0.08,870,1.2,2660
451,65,20230906,52,483.00,155,0.08,870,1.2,2660
452,89,20230907,80,54.37,797,0.39,1634,3.7,528
453,89,20230907,80,54.37,797,0.39,1634,3.7,528
454,38,20230907,52,205.69,48,0.11,920,4.6,4669
455,38,20230907,52,205.69,48,0.11,920,4.6,4669
456,74,20230907,44,492.18,367,0.34,419,4.2,1517
457,74,20230907,44,492.18,367,0.34,419,4.2,1517
458,48,20230907,36,448.11,644,0.21,131,4.8,4647
459,48,20230907,36,448.11,644,0.21,131,4.8,4647
460,7,20230907,11,205.42,740,0.09,1853,2.7,1369
461,7,20230907,11,205.42,740,0.09,1853,2.7,1369
462,99,20230907,8,217.12,978,0.13,527,3.9,4324
463,99,20230907,8,217.12,978,0.13,527,3.9,4324
464,57,20230908,64,81.99,855,0.08,1494,2.4,2430
465,57,20230908,64,81.99,855,0.08,1494,2.4,2430
466,73,20230908,28,480.30,838,0.02,1448,1.2,2062
467,73,20230908,28,480.30,838,0.02,1448,1.2,2062
468,58,20230908,12,492.27,180,0.21,776,2.6,2153
469,58,20230908,12,492.27,180,0.21,776,2.6,2153
470,87,20230909,87,168.92,383,0.35,236,4.8,4114
471,87,20230909,87,168.92,383,0.35,236,4.8,4114
472,92,20230909,83,114.64,904,0.11,722,2.6,1993
473,92,20230909,83,114.64,904,0.11,722,2.6,1993
474,26,20230909,66,279.61,140,0.30,1141,1.2,2938
475,26,20230909,66,279.61,140,0.30,1141,1.2,2938
476,12,20230909,63,129.73,376,0.12,661,3.0,3812
477,12,20230909,63,129.73,376,0.12,661,3.0,3812
478,4,20230909,31,349.03,160,0.01,397,3.6,4067
479,4,20230909,31,349.03,160,0.01,397,3.6,4067
480,87,20230909,11,259.39,24,0.48,631,2.8,693
481,87,20230909,11,259.39,24,0.48,631,2.8,693
482,23,20230910,85,226.59,861,0.07,132,2.3,2891
483,23,20230910,85,226.59,861,0.07,132,2.3,2891
484,86,20230910,60,407.23,702,0.31,314,4.8,3189
485,86,20230910,60,407.23,702,0.31,314,4.8,3189
486,65,20230911,74,436.61,910,0.20,1965,4.0,4290
487,65,20230911,74,436.61,910,0.20,1965,4.0,4290
488,37,20230911,32,483.46,82,0.49,898,1.5,4088
489,37,20230911,32,483.46,82,0.49,898,1.5,4088
490,70,20230911,15,42.68,522,0.02,426,1.2,4506
491,70,20230911,15,42.68,522,0.02,426,1.2,4506
492,76,20230912,74,49.97,9,0.26,755,1.4,1001
493,76,20230912,74,49.97,9,0.26,755,1.4,1001
494,12,20230912,42,82.39,918,0.26,1774,1.5,1646
495,12,20230912,42,82.39,918,0.26,1774,1.5,1646
496,43,20230912,24,379.47,727,0.47,1827,1.1,3976
497,43,20230912,24,379.47,727,0.47,1827,1.1,3976
498,59,20230913,78,436.63,499,0.38,1973,4.2,275
499,59,20230913,78,436.63,499,0.38,1973,4.2,275
500,42,20230913,62,90.97,865,0.24,434,3.3,1134
501,42,20230913,62,90.97,865,0.24,434,3.3,1134
502,12,20230913,30,183.53,27,0.01,1976,2.6,4580
503,12,20230913,30,183.53,27,0.01,1976,2.6,4580
504,49,20230914,42,208.82,309,0.30,752,1.9,4308
505,49,20230914,42,208.82,309,0.30,752,1.9,4308
506,27,20230914,7,339.06,742,0.43,1012,1.4,4551
507,27,20230914,7,339.06,742,0.43,1012,1.4,4551
508,81,20230915,83,240.94,291,0.26,12,2.9,4734
509,81,20230915,83,240.94,291,0.26,12,2.9,4734
510,39,20230916,62,212.25,880,0.02,855,4.2,595
511,39,20230916,62,212.25,880,0.02,855,4.2,595
512,93,20230916,4,119.57,655,0.22,540,4.4,3665
513,93,20230916,4,119.57,655,0.22,540,4.4,3665
514,69,20230917,54,175.28,820,0.16,1912,4.8,4141
515,69,20230917,54,175.28,820,0.16,1912,4.8,4141
516,38,20230918,83,203.34,583,0.45,1132,2.7,3403
517,38,20230918,83,203.34,583,0.45,1132,2.7,3403
518,83,20230918,10,335.02,698,0.47,1206,4.4,1299
519,83,20230918,10,335.02,698,0.47,1206,4.4,1299
520,66,20230920,19,59.12,354,0.30,1761,1.1,1357
521,66,20230920,19,59.12,354,0.30,1761,1.1,1357
522,63,20230921,63,464.91,738,0.38,1743,5.0,1067
523,63,20230921,63,464.91,738,0.38,1743,5.0,1067
524,12,20230921,36,167.95,318,0.34,784,4.2,320
525,12,20230921,36,167.95,318,0.34,784,4.2,320
526,1,20230921,6,93.56,600,0.48,241,1.3,2435
527,1,20230921,6,93.56,600,0.48,241,1.3,2435
528,5,20230922,43,194.86,34,0.17,89,1.2,753
529,5,20230922,43,194.86,34,0.17,89,1.2,753
530,16,20230922,6,301.57,578,0.44,1627,2.4,3300
531,16,20230922,6,301.57,578,0.44,1627,2.4,3300
532,25,20230923,35,154.69,297,0.46,1107,4.2,444
533,25,20230923,35,154.69,297,0.46,1107,4.2,444
534,31,20230923,18,492.00,328,0.39,1517,2.0,4244
535,31,20230923,18,492.00,328,0.39,1517,2.0,4244
536,97,20230924,65,104.23,69,0.42,1269,2.9,3257
537,97,20230924,65,104.23,69,0.42,1269,2.9,3257
538,83,20230924,30,485.21,11,0.38,865,3.9,641
539,83,20230924,30,485.21,11,0.38,865,3.9,641
540,36,20230924,24,56.13,96,0.20,226,2.4,1067
541,36,20230924,24,56.13,96,0.20,226,2.4,1067
542,24,20230924,2,224.92,577,0.30,931,3.9,3811
543,24,20230924,2,224.92,577,0.30,931,3.9,3811
544,19,20230925,82,31.74,520,0.16,1560,4.4,4265
545,19,20230925,82,31.74,520,0.16,1560,4.4,4265
546,23,20230925,73,90.13,27,0.13,1252,2.6,2040
547,23,20230925,73,90.13,27,0.13,1252,2.6,2040
548,17,20230925,18,198.20,258,0.41,1540,1.1,2553
549,17,20230925,18,198.20,258,0.41,1540,1.1,2553
550,58,20230926,90,487.38,850,0.37,838,1.3,917
551,58,20230926,90,487.38,850,0.37,838,1.3,917
552,86,20230926,87,426.75,632,0.16,104,4.0,3134
553,86,20230926,87,426.75,632,0.16,104,4.0,3134
554,50,20230926,17,41.36,138,0.30,1228,4.3,2559
555,50,20230926,17,41.36,138,0.30,1228,4.3,2559
556,4,20230927,19,63.93,632,0.41,1768,1.9,4029
557,4,20230927,19,63.93,632,0.41,1768,1.9,4029
558,90,20230927,16,308.74,335,0.28,1570,4.7,3957
559,90,20230927,16,308.74,335,0.28,1570,4.7,3957
560,82,20230928,53,218.23,454,0.22,1236,2.5,2623
561,82,20230928,53,218.23,454,0.22,1236,2.5,2623
562,45,20230928,47,141.12,524,0.19,1815,4.3,4653
563,45,20230928,47,141.12,524,0.19,1815,4.3,4653
564,8,20230928,42,255.51,15,0.04,1782,3.2,4611
565,8,20230928,42,255.51,15,0.04,1782,3.2,4611
566,1,20230928,2,235.03,663,0.33,1332,2.3,2919
567,1,20230928,2,235.03,663,0.33,1332,2.3,2919
568,15,20230929,69,307.29,295,0.42,778,2.7,3533
569,15,20230929,69,307.29,295,0.42,778,2.7,3533
570,58,20230930,73,384.53,355,0.02,206,3.5,991
571,58,20230930,73,384.53,355,0.02,206,3.5,991
572,69,20230930,60,460.01,794,0.20,615,3.6,2156
573,69,20230930,60,460.01,794,0.20,615,3.6,2156
574,5,20230930,32,482.17,252,0.19,1184,4.4,190
575,5,20230930,32,482.17,252,0.19,1184,4.4,190
576,68,20230930,29,469.88,124,0.11,1070,1.7,1106
577,68,20230930,29,469.88,124,0.11,1070,1.7,1106
578,13,20231001,62,434.83,758,0.13,442,2.6,4408
579,13,20231001,62,434.83,758,0.13,442,2.6,4408
580,53,20231001,50,336.76,365,0.44,1767,2.3,2103
581,53,20231001,50,336.76,365,0.44,1767,2.3,2103
582,2,20231001,23,280.92,202,0.18,400,3.4,3510
583,2,20231001,23,280.92,202,0.18,400,3.4,3510
584,46,20231001,15,305.50,612,0.19,1179,4.3,3619
585,46,20231001,15,305.50,612,0.19,1179,4.3,3619
586,97,20231002,91,409.36,600,0.05,991,2.0,550
587,92,20231002,71,433.08,81,0.43,821,1.6,988
588,92,20231002,71,433.08,81,0.43,821,1.6,988
589,90,20231002,42,377.28,235,0.03,1284,3.8,2302
590,90,20231002,42,377.28,235,0.03,1284,3.8,2302
591,25,20231002,33,122.82,649,0.13,1100,1.8,1546
592,25,20231002,33,122.82,649,0.13,1100,1.8,1546
593,31,20231002,16,245.68,697,0.28,899,3.6,4431
594,31,20231002,16,245.68,697,0.28,899,3.6,4431
595,69,20231002,8,363.81,18,0.26,606,1.2,2645
596,69,20231002,8,363.81,18,0.26,606,1.2,2645
597,79,20231003,51,466.92,115,0.23,1391,4.7,610
598,79,20231003,51,466.92,115,0.23,1391,4.7,610
599,24,20231005,77,258.55,275,0.49,1239,1.2,4585
600,24,20231005,77,258.55,275,0.49,1239,1.2,4585
601,33,20231005,74,69.96,145,0.19,1136,3.9,2528
602,33,20231005,74,69.96,145,0.19,1136,3.9,2528
603,53,20231005,59,258.82,573,0.40,1560,2.7,1776
604,53,20231005,59,258.82,573,0.40,1560,2.7,1776
605,18,20231006,77,31.64,918,0.28,1109,3.4,400
606,18,20231006,77,31.64,918,0.28,1109,3.4,400
607,82,20231006,21,170.91,651,0.24,519,2.9,2942
608,82,20231006,21,170.91,651,0.24,519,2.9,2942
609,97,20231007,47,311.98,392,0.31,1172,1.2,3985
610,97,20231007,47,311.98,392,0.31,1172,1.2,3985
611,9,20231007,19,490.43,858,0.05,1331,3.4,1358
612,9,20231007,19,490.43,858,0.05,1331,3.4,1358
613,90,20231007,16,186.24,240,0.03,769,3.7,1767
614,90,20231007,16,186.24,240,0.03,769,3.7,1767
615,64,20231007,3,349.09,612,0.31,1856,2.8,4647
616,64,20231007,3,349.09,612,0.31,1856,2.8,4647
617,98,20231008,67,347.70,75,0.41,961,2.4,4994
618,98,20231008,67,347.70,75,0.41,961,2.4,4994
619,49,20231008,65,230.05,946,0.44,890,3.4,4757
620,49,20231008,65,230.05,946,0.44,890,3.4,4757
621,77,20231008,58,339.08,825,0.02,70,1.1,4961
622,77,20231008,58,339.08,825,0.02,70,1.1,4961
623,36,20231008,17,179.50,638,0.12,671,2.3,3141
624,36,20231008,17,179.50,638,0.12,671,2.3,3141
625,84,20231009,78,371.58,78,0.25,987,3.4,3276
626,84,20231009,78,371.58,78,0.25,987,3.4,3276
627,65,20231009,59,113.33,290,0.47,149,4.4,2501
628,65,20231009,59,113.33,290,0.47,149,4.4,2501
629,54,20231009,14,97.83,623,0.06,1424,3.8,4590
630,54,20231009,14,97.83,623,0.06,1424,3.8,4590
631,81,20231010,88,59.28,802,0.43,1020,2.6,595
632,81,20231010,88,59.28,802,0.43,1020,2.6,595
633,71,20231010,82,15.14,629,0.31,1446,4.6,1547
634,71,20231010,82,15.14,629,0.31,1446,4.6,1547
635,35,20231010,54,100.27,618,0.16,989,4.6,687
636,35,20231010,54,100.27,618,0.16,989,4.6,687
637,18,20231011,75,44.31,957,0.04,317,1.0,4124
638,18,20231011,75,44.31,957,0.04,317,1.0,4124
639,74,20231011,27,134.72,346,0.13,648,2.9,2387
640,74,20231011,27,134.72,346,0.13,648,2.9,2387
641,36,20231011,16,297.05,848,0.46,562,3.3,2757
642,36,20231011,16,297.05,848,0.46,562,3.3,2757
643,80,20231011,8,213.77,93,0.21,596,1.3,3639
644,80,20231011,8,213.77,93,0.21,596,1.3,3639
645,49,20231012,42,488.73,794,0.22,1442,1.4,369
646,49,20231012,42,488.73,794,0.22,1442,1.4,369
647,24,20231013,85,90.36,523,0.08,1324,2.8,2134
648,24,20231013,85,90.36,523,0.08,1324,2.8,2134
649,97,20231013,43,111.33,944,0.48,63,4.7,1865
650,97,20231013,43,111.33,944,0.48,63,4.7,1865
651,47,20231014,66,175.30,558,0.03,685,3.9,1592
652,47,20231014,66,175.30,558,0.03,685,3.9,1592
653,28,20231014,12,217.63,914,0.31,992,3.7,145
654,28,20231014,12,217.63,914,0.31,992,3.7,145
655,100,20231015,47,37.31,550,0.25,1711,4.6,3788
656,100,20231015,47,37.31,550,0.25,1711,4.6,3788
657,46,20231015,37,204.94,671,0.26,326,4.7,2176
658,46,20231015,37,204.94,671,0.26,326,4.7,2176
659,74,20231015,29,73.01,663,0.02,1983,3.3,1248
660,74,20231015,29,73.01,663,0.02,1983,3.3,1248
661,62,20231017,56,481.51,965,0.34,397,2.8,3212
662,62,20231017,56,481.51,965,0.34,397,2.8,3212
663,44,20231017,2,251.24,81,0.22,1710,3.3,3802
664,44,20231017,2,251.24,81,0.22,1710,3.3,3802
665,61,20231018,27,220.69,12,0.38,1756,3.4,870
666,61,20231018,27,220.69,12,0.38,1756,3.4,870
667,82,20231018,19,387.18,338,0.17,1532,4.9,2831
668,82,20231018,19,387.18,338,0.17,1532,4.9,2831
669,71,20231019,83,105.65,441,0.49,1113,3.7,2430
670,71,20231019,83,105.65,441,0.49,1113,3.7,2430
671,28,20231019,76,393.19,803,0.15,113,3.8,3725
672,28,20231019,76,393.19,803,0.15,113,3.8,3725
673,10,20231019,66,90.49,409,0.45,600,4.3,77
674,10,20231019,66,90.49,409,0.45,600,4.3,77
675,28,20231019,40,10.61,979,0.24,1565,2.2,3719
676,28,20231019,40,10.61,979,0.24,1565,2.2,3719
677,62,20231019,16,134.43,692,0.23,55,4.1,3308
678,62,20231019,16,134.43,692,0.23,55,4.1,3308
679,2,20231019,10,170.00,701,0.16,719,3.3,1275
680,2,20231019,10,170.00,701,0.16,719,3.3,1275
681,43,20231020,82,343.57,146,0.26,619,2.9,882
682,43,20231020,82,343.57,146,0.26,619,2.9,882
683,2,20231020,3,417.90,459,0.31,252,1.8,1184
684,2,20231020,3,417.90,459,0.31,252,1.8,1184
685,13,20231021,66,373.43,358,0.11,1301,3.8,1304
686,13,20231021,66,373.43,358,0.11,1301,3.8,1304
687,8,20231021,46,487.38,132,0.37,732,5.0,4729
688,8,20231021,46,487.38,132,0.37,732,5.0,4729
689,30,20231021,26,283.33,202,0.16,661,1.7,1759
690,30,20231021,26,283.33,202,0.16,661,1.7,1759
691,37,20231023,32,236.80,317,0.20,1845,2.8,703
692,37,20231023,32,236.80,317,0.20,1845,2.8,703
693,31,20231024,87,332.93,16,0.48,276,4.2,2711
694,31,20231024,87,332.93,16,0.48,276,4.2,2711
695,30,20231024,73,58.06,563,0.12,593,3.0,545
696,30,20231024,73,58.06,563,0.12,593,3.0,545
697,73,20231024,18,99.58,984,0.45,1013,4.8,2352
698,73,20231024,18,99.58,984,0.45,1013,4.8,2352
699,58,20231025,83,486.96,884,0.03,275,2.9,2654
700,58,20231025,83,486.96,884,0.03,275,2.9,2654
701,85,20231025,74,194.17,777,0.23,1320,4.3,4150
702,85,20231025,74,194.17,777,0.23,1320,4.3,4150
703,96,20231025,49,177.69,579,0.21,1164,4.9,4525
704,96,20231025,49,177.69,579,0.21,1164,4.9,4525
705,100,20231025,28,269.34,662,0.17,800,3.3,2513
706,100,20231025,28,269.34,662,0.17,800,3.3,2513
707,2,20231025,18,403.80,330,0.16,1371,1.7,1981
708,2,20231025,18,403.80,330,0.16,1371,1.7,1981
709,1,20231025,13,107.43,288,0.30,1513,3.8,4514
710,1,20231025,13,107.43,288,0.30,1513,3.8,4514
711,44,20231027,36,190.67,454,0.38,209,2.5,891
712,44,20231027,36,190.67,454,0.38,209,2.5,891
713,100,20231028,81,152.28,752,0.34,1962,1.3,2850
714,100,20231028,81,152.28,752,0.34,1962,1.3,2850
715,61,20231028,76,457.34,569,0.36,1128,2.4,307
716,61,20231028,76,457.34,569,0.36,1128,2.4,307
717,97,20231029,80,92.74,880,0.02,1295,2.8,3454
718,97,20231029,80,92.74,880,0.02,1295,2.8,3454
719,64,20231029,31,32.17,963,0.29,660,1.9,470
720,64,20231029,31,32.17,963,0.29,660,1.9,470
721,19,20231030,40,20.84,946,0.13,1561,2.3,3999
722,19,20231030,40,20.84,946,0.13,1561,2.3,3999
723,4,20231030,24,299.04,437,0.45,26,4.9,562
724,4,20231030,24,299.04,437,0.45,26,4.9,562
725,85,20231030,21,207.49,311,0.06,481,3.5,4379
726,85,20231030,21,207.49,311,0.06,481,3.5,4379
727,46,20231030,13,82.18,565,0.21,421,1.0,2295
728,46,20231030,13,82.18,565,0.21,421,1.0,2295
729,66,20231030,2,301.13,857,0.01,1887,2.6,4683
730,66,20231030,2,301.13,857,0.01,1887,2.6,4683
731,97,20231031,89,345.37,25,0.24,1346,3.0,2975
732,97,20231031,89,345.37,25,0.24,1346,3.0,2975
733,56,20231101,89,47.72,857,0.23,1341,3.8,370
734,56,20231101,89,47.72,857,0.23,1341,3.8,370
735,9,20231101,12,439.56,800,0.39,145,3.2,1015
736,9,20231101,12,439.56,800,0.39,145,3.2,1015
737,5,20231102,43,200.71,264,0.16,717,1.0,4171
738,5,20231102,43,200.71,264,0.16,717,1.0,4171
739,9,20231102,22,449.42,542,0.21,547,1.3,242
740,9,20231102,22,449.42,542,0.21,547,1.3,242
741,82,20231102,1,55.43,912,0.06,957,3.1,4729
742,82,20231102,1,55.43,912,0.06,957,3.1,4729
743,81,20231103,89,253.65,523,0.42,1269,1.7,3089
744,81,20231103,89,253.65,523,0.42,1269,1.7,3089
745,38,20231103,17,16.08,738,0.11,333,2.9,4916
746,38,20231103,17,16.08,738,0.11,333,2.9,4916
747,77,20231103,2,96.79,20,0.34,1894,1.0,687
748,77,20231103,2,96.79,20,0.34,1894,1.0,687
749,62,20231104,20,402.71,614,0.06,272,2.6,4234
750,62,20231104,20,402.71,614,0.06,272,2.6,4234
751,61,20231105,81,433.10,601,0.39,1991,1.9,4006
752,61,20231105,81,433.10,601,0.39,1991,1.9,4006
753,33,20231105,55,331.91,875,0.02,1365,4.8,1431
754,33,20231105,55,331.91,875,0.02,1365,4.8,1431
755,25,20231105,13,471.03,68,0.29,1981,4.3,1327
756,25,20231105,13,471.03,68,0.29,1981,4.3,1327
757,52,20231106,72,60.53,680,0.37,1497,3.2,1341
758,52,20231106,72,60.53,680,0.37,1497,3.2,1341
759,38,20231106,50,396.34,114,0.45,1274,3.7,2257
760,38,20231106,50,396.34,114,0.45,1274,3.7,2257
761,85,20231106,49,312.14,852,0.23,236,1.2,1244
762,85,20231106,49,312.14,852,0.23,236,1.2,1244
763,78,20231106,10,103.16,709,0.04,178,4.3,3548
764,78,20231106,10,103.16,709,0.04,178,4.3,3548
765,71,20231106,1,281.02,961,0.30,507,4.2,3861
766,71,20231106,1,281.02,961,0.30,507,4.2,3861
767,69,20231107,69,435.40,929,0.02,643,2.2,1211
768,69,20231107,69,435.40,929,0.02,643,2.2,1211
769,89,20231107,32,466.42,688,0.49,1412,2.4,3055
770,89,20231107,32,466.42,688,0.49,1412,2.4,3055
771,4,20231107,22,256.31,637,0.07,1707,1.2,3474
772,4,20231107,22,256.31,637,0.07,1707,1.2,3474
773,69,20231108,69,310.85,505,0.03,1110,3.5,243
774,69,20231108,69,310.85,505,0.03,1110,3.5,243
775,66,20231108,49,80.21,847,0.50,439,3.9,2686
776,66,20231108,49,80.21,847,0.50,439,3.9,2686
777,95,20231108,22,265.23,111,0.41,35,2.9,546
778,95,20231108,22,265.23,111,0.41,35,2.9,546
779,13,20231109,48,252.05,908,0.06,227,4.0,2853
780,13,20231109,48,252.05,908,0.06,227,4.0,2853
781,95,20231110,91,483.61,938,0.42,839,2.8,1840
782,58,20231110,44,113.50,951,0.10,1204,4.5,1262
783,58,20231110,44,113.50,951,0.10,1204,4.5,1262
784,96,20231110,29,208.68,102,0.45,177,4.9,1505
785,96,20231110,29,208.68,102,0.45,177,4.9,1505
786,1,20231110,1,400.31,20,0.08,466,1.7,3772
787,44,20231110,1,81.15,926,0.12,294,3.8,2158
788,1,20231110,1,400.31,20,0.08,466,1.7,3772
789,44,20231110,1,81.15,926,0.12,294,3.8,2158
790,21,20231111,84,152.91,101,0.45,778,3.8,2043
791,21,20231111,84,152.91,101,0.45,778,3.8,2043
792,74,20231111,69,320.07,557,0.01,1462,4.1,684
793,74,20231111,69,320.07,557,0.01,1462,4.1,684
794,73,20231111,61,438.41,727,0.20,562,4.3,1451
795,73,20231111,61,438.41,727,0.20,562,4.3,1451
796,45,20231111,55,278.01,728,0.15,1068,4.3,3030
797,45,20231111,55,278.01,728,0.15,1068,4.3,3030
798,90,20231111,54,448.91,270,0.02,1723,1.1,3336
799,90,20231111,54,448.91,270,0.02,1723,1.1,3336
800,84,20231111,36,246.31,396,0.35,1108,1.2,2985
801,84,20231111,36,246.31,396,0.35,1108,1.2,2985
802,83,20231113,74,227.45,876,0.44,1577,2.1,585
803,83,20231113,74,227.45,876,0.44,1577,2.1,585
804,97,20231113,61,255.92,160,0.07,1969,2.8,1781
805,97,20231113,61,255.92,160,0.07,1969,2.8,1781
806,50,20231113,55,14.44,42,0.32,169,3.4,3856
807,50,20231113,55,14.44,42,0.32,169,3.4,3856
808,16,20231114,48,100.39,140,0.20,434,2.2,1759
809,16,20231114,48,100.39,140,0.20,434,2.2,1759
810,44,20231114,17,73.50,605,0.13,1875,3.7,4888
811,44,20231114,17,73.50,605,0.13,1875,3.7,4888
812,33,20231114,13,341.47,59,0.16,1342,4.2,3259
813,33,20231114,13,341.47,59,0.16,1342,4.2,3259
814,13,20231115,68,173.41,601,0.46,385,2.6,536
815,13,20231115,68,173.41,601,0.46,385,2.6,536
816,19,20231115,40,387.78,704,0.03,1143,3.8,885
817,19,20231115,40,387.78,704,0.03,1143,3.8,885
818,95,20231116,59,339.69,367,0.15,1984,3.0,4631
819,95,20231116,59,339.69,367,0.15,1984,3.0,4631
820,56,20231116,50,432.86,605,0.08,288,3.1,3089
821,56,20231116,50,432.86,605,0.08,288,3.1,3089
822,13,20231116,37,248.84,735,0.21,1138,4.6,4223
823,13,20231116,37,248.84,735,0.21,1138,4.6,4223
824,93,20231117,74,331.20,947,0.36,524,1.2,258
825,93,20231117,74,331.20,947,0.36,524,1.2,258
826,67,20231117,62,168.67,553,0.13,1269,3.6,1397
827,67,20231117,62,168.67,553,0.13,1269,3.6,1397
828,97,20231117,54,311.10,296,0.17,1196,4.6,332
829,97,20231117,54,311.10,296,0.17,1196,4.6,332
830,3,20231117,29,451.20,232,0.17,815,3.5,2056
831,3,20231117,29,451.20,232,0.17,815,3.5,2056
832,71,20231118,87,275.27,751,0.05,779,1.3,4306
833,71,20231118,87,275.27,751,0.05,779,1.3,4306
834,78,20231118,75,421.60,758,0.50,1317,2.4,2449
835,78,20231118,75,421.60,758,0.50,1317,2.4,2449
836,56,20231118,68,303.89,715,0.36,394,4.4,2781
837,56,20231118,68,303.89,715,0.36,394,4.4,2781
838,53,20231118,54,116.66,123,0.05,1527,3.6,670
839,53,20231118,54,116.66,123,0.05,1527,3.6,670
840,95,20231118,44,255.30,570,0.32,1973,4.6,2063
841,95,20231118,44,255.30,570,0.32,1973,4.6,2063
842,1,20231118,16,359.49,766,0.13,794,4.0,502
843,1,20231118,16,359.49,766,0.13,794,4.0,502
844,11,20231118,5,11.27,624,0.30,1715,4.5,2055
845,11,20231118,5,11.27,624,0.30,1715,4.5,2055
846,80,20231119,90,187.86,662,0.31,1525,4.5,3699
847,80,20231119,90,187.86,662,0.31,1525,4.5,3699
848,59,20231119,50,209.21,71,0.19,5,4.6,2294
849,59,20231119,50,209.21,71,0.19,5,4.6,2294
850,48,20231120,46,158.43,156,0.12,411,1.3,488
851,48,20231120,46,158.43,156,0.12,411,1.3,488
852,91,20231121,70,279.67,3,0.42,959,3.1,2205
853,91,20231121,70,279.67,3,0.42,959,3.1,2205
854,23,20231121,62,449.15,358,0.31,552,3.4,3144
855,23,20231121,62,449.15,358,0.31,552,3.4,3144
856,96,20231121,59,26.86,187,0.30,809,3.5,810
857,96,20231121,59,26.86,187,0.30,809,3.5,810
858,7,20231121,6,66.88,749,0.49,452,1.2,2141
859,7,20231121,6,66.88,749,0.49,452,1.2,2141
860,6,20231122,53,489.17,148,0.02,1236,3.2,4910
861,44,20231122,53,433.14,416,0.28,406,3.4,1610
862,6,20231122,53,489.17,148,0.02,1236,3.2,4910
863,44,20231122,53,433.14,416,0.28,406,3.4,1610
864,91,20231122,51,498.86,371,0.33,1893,2.1,4124
865,91,20231122,51,498.86,371,0.33,1893,2.1,4124
866,16,20231123,73,179.14,853,0.39,592,4.1,3577
867,16,20231123,73,179.14,853,0.39,592,4.1,3577
868,9,20231123,56,408.32,22,0.38,676,5.0,1460
869,9,20231123,56,408.32,22,0.38,676,5.0,1460
870,51,20231123,52,145.40,391,0.03,1692,2.7,4664
871,51,20231123,52,145.40,391,0.03,1692,2.7,4664
872,33,20231124,89,372.25,935,0.00,1070,1.4,4578
873,33,20231124,89,372.25,935,0.00,1070,1.4,4578
874,15,20231124,74,138.51,957,0.48,481,3.4,3920
875,15,20231124,74,138.51,957,0.48,481,3.4,3920
876,38,20231124,63,265.51,868,0.30,1952,1.3,1299
877,38,20231124,63,265.51,868,0.30,1952,1.3,1299
878,59,20231124,56,494.83,980,0.24,1743,4.6,3802
879,59,20231124,56,494.83,980,0.24,1743,4.6,3802
880,94,20231125,65,469.45,198,0.10,532,2.4,4724
881,94,20231125,65,469.45,198,0.10,532,2.4,4724
882,18,20231126,81,440.77,61,0.31,1176,4.8,10
883,18,20231126,81,440.77,61,0.31,1176,4.8,10
884,33,20231127,85,370.47,117,0.32,400,5.0,1019
885,33,20231127,85,370.47,117,0.32,400,5.0,1019
886,19,20231127,80,343.03,804,0.39,938,1.9,2041
887,19,20231127,80,343.03,804,0.39,938,1.9,2041
888,34,20231127,48,207.95,176,0.27,965,3.2,3669
889,34,20231127,48,207.95,176,0.27,965,3.2,3669
890,61,20231128,88,165.13,457,0.16,881,2.1,2845
891,61,20231128,88,165.13,457,0.16,881,2.1,2845
892,45,20231128,74,122.06,748,0.11,1603,4.8,2401
893,45,20231128,74,122.06,748,0.11,1603,4.8,2401
894,88,20231128,35,434.92,550,0.20,428,4.8,1104
895,88,20231128,35,434.92,550,0.20,428,4.8,1104
896,74,20231128,34,112.75,668,0.15,178,4.9,1174
897,74,20231128,34,112.75,668,0.15,178,4.9,1174
898,57,20231128,27,289.05,621,0.19,539,4.5,650
899,57,20231128,27,289.05,621,0.19,539,4.5,650
900,40,20231129,38,202.56,439,0.08,6,3.1,3361
901,40,20231129,38,202.56,439,0.08,6,3.1,3361
902,47,20231130,8,428.96,474,0.03,270,1.8,3576
903,47,20231130,8,428.96,474,0.03,270,1.8,3576
904,21,20231202,16,102.29,494,0.09,1825,3.9,4612
905,21,20231202,16,102.29,494,0.09,1825,3.9,4612
906,17,20231203,83,379.31,483,0.03,730,4.2,1887
907,17,20231203,83,379.31,483,0.03,730,4.2,1887
908,9,20231203,55,326.96,731,0.18,739,2.6,539
909,9,20231203,55,326.96,731,0.18,739,2.6,539
910,80,20231203,51,488.13,888,0.09,1105,2.5,2381
911,80,20231203,51,488.13,888,0.09,1105,2.5,2381
912,10,20231203,50,24.10,577,0.40,102,4.0,3981
913,10,20231203,50,24.10,577,0.40,102,4.0,3981
914,64,20231203,7,287.23,341,0.03,1956,4.7,4485
915,64,20231203,7,287.23,341,0.03,1956,4.7,4485
916,32,20231204,63,315.71,689,0.07,1651,3.1,3302
917,32,20231204,63,315.71,689,0.07,1651,3.1,3302
918,78,20231205,70,33.13,803,0.12,1614,4.8,4657
919,78,20231205,70,33.13,803,0.12,1614,4.8,4657
920,39,20231205,52,92.85,141,0.43,839,2.6,2597
921,39,20231205,52,92.85,141,0.43,839,2.6,2597
922,15,20231205,39,302.73,905,0.46,921,3.4,454
923,15,20231205,39,302.73,905,0.46,921,3.4,454
924,3,20231205,4,152.70,475,0.49,1806,3.4,2047
925,3,20231205,4,152.70,475,0.49,1806,3.4,2047
926,29,20231206,16,114.62,43,0.37,1706,3.0,4183
927,29,20231206,16,114.62,43,0.37,1706,3.0,4183
928,43,20231206,8,425.01,836,0.26,1517,4.6,2490
929,43,20231206,8,425.01,836,0.26,1517,4.6,2490
930,47,20231207,70,223.94,281,0.42,1132,3.3,2635
931,47,20231207,70,223.94,281,0.42,1132,3.3,2635
932,77,20231207,24,193.66,105,0.06,227,3.5,2331
933,77,20231207,24,193.66,105,0.06,227,3.5,2331
934,67,20231208,35,341.42,662,0.00,122,3.7,194
935,67,20231208,35,341.42,662,0.00,122,3.7,194
936,58,20231208,30,289.87,880,0.48,458,2.2,2828
937,58,20231208,30,289.87,880,0.48,458,2.2,2828
938,7,20231208,6,195.09,879,0.19,396,3.1,595
939,7,20231208,6,195.09,879,0.19,396,3.1,595
940,46,20231209,78,383.53,686,0.11,1627,2.8,2831
941,46,20231209,78,383.53,686,0.11,1627,2.8,2831
942,70,20231209,21,196.67,134,0.45,1771,1.2,2306
943,70,20231209,21,196.67,134,0.45,1771,1.2,2306
944,96,20231210,69,438.62,99,0.44,1597,3.9,4067
945,96,20231210,69,438.62,99,0.44,1597,3.9,4067
946,85,20231210,63,216.16,688,0.36,1103,3.0,3799
947,85,20231210,63,216.16,688,0.36,1103,3.0,3799
948,80,20231210,41,461.14,487,0.24,1449,2.4,3236
949,80,20231210,41,461.14,487,0.24,1449,2.4,3236
950,71,20231210,36,43.37,133,0.23,502,1.9,4478
951,71,20231210,36,43.37,133,0.23,502,1.9,4478
952,8,20231210,19,367.72,655,0.08,1109,1.2,4249
953,8,20231210,19,367.72,655,0.08,1109,1.2,4249
954,11,20231211,8,235.46,911,0.32,359,3.3,3445
955,11,20231211,8,235.46,911,0.32,359,3.3,3445
956,21,20231212,67,171.22,903,0.44,308,2.9,4780
957,21,20231212,67,171.22,903,0.44,308,2.9,4780
958,38,20231212,19,410.17,788,0.17,1958,2.1,855
959,38,20231212,19,410.17,788,0.17,1958,2.1,855
960,74,20231212,8,407.92,216,0.16,1570,4.3,3086
961,74,20231212,8,407.92,216,0.16,1570,4.3,3086
962,85,20231213,86,165.84,529,0.46,4,4.7,1927
963,85,20231213,86,165.84,529,0.46,4,4.7,1927
964,91,20231214,58,409.89,550,0.03,1848,4.9,3686
965,91,20231214,58,409.89,550,0.03,1848,4.9,3686
966,45,20231214,38,237.01,876,0.02,253,1.2,278
967,45,20231214,38,237.01,876,0.02,253,1.2,278
968,6,20231214,19,339.53,143,0.39,108,4.0,3222
969,20,20231214,19,426.79,780,0.42,1368,4.5,1704
970,6,20231214,19,339.53,143,0.39,108,4.0,3222
971,20,20231214,19,426.79,780,0.42,1368,4.5,1704
972,3,20231214,7,442.91,279,0.17,301,4.0,1060
973,3,20231214,7,442.91,279,0.17,301,4.0,1060
974,79,20231214,2,468.05,698,0.44,1963,4.6,3960
975,79,20231214,2,468.05,698,0.44,1963,4.6,3960
976,71,20231215,70,16.32,701,0.18,769,1.9,746
977,71,20231215,70,16.32,701,0.18,769,1.9,746
978,71,20231216,45,212.93,678,0.30,219,4.8,3981
979,71,20231216,45,212.93,678,0.30,219,4.8,3981
980,41,20231216,35,447.02,197,0.19,1995,2.7,2224
981,41,20231216,35,447.02,197,0.19,1995,2.7,2224
982,89,20231216,6,192.30,712,0.12,1278,1.4,2440
983,89,20231216,6,192.30,712,0.12,1278,1.4,2440
984,23,20231217,66,18.52,184,0.29,1207,2.3,3868
985,23,20231217,66,18.52,184,0.29,1207,2.3,3868
986,17,20231217,8,484.86,19,0.50,1596,4.5,3170
987,17,20231217,8,484.86,19,0.50,1596,4.5,3170
988,10,20231218,18,83.70,216,0.48,794,3.4,4158
989,10,20231218,18,83.70,216,0.48,794,3.4,4158
990,18,20231219,82,52.62,37,0.13,1924,2.6,974
991,18,20231219,82,52.62,37,0.13,1924,2.6,974
992,33,20231219,59,453.63,313,0.31,278,4.0,4433
993,33,20231219,59,453.63,313,0.31,278,4.0,4433
994,92,20231219,29,434.45,323,0.12,1191,4.5,4354
995,92,20231219,29,434.45,323,0.12,1191,4.5,4354
996,48,20231220,59,491.01,970,0.13,1072,3.1,3483
997,48,20231220,59,491.01,970,0.13,1072,3.1,3483
998,69,20231220,13,260.74,519,0.42,339,2.9,903
999,69,20231220,13,260.74,519,0.42,339,2.9,903
1000,49,20231220,7,335.92,574,0.38,1903,1.6,3408
1001,49,20231220,7,335.92,574,0.38,1903,1.6,3408
1002,87,20231221,9,242.41,250,0.03,1954,1.7,2415
1003,87,20231221,9,242.41,250,0.03,1954,1.7,2415
1004,30,20231222,55,448.61,912,0.03,855,3.5,78
1005,30,20231222,55,448.61,912,0.03,855,3.5,78
1006,34,20231222,48,350.75,867,0.26,431,4.0,2974
1007,34,20231222,48,350.75,867,0.26,431,4.0,2974
1008,9,20231222,5,364.22,846,0.27,1049,4.3,4289
1009,9,20231222,5,364.22,846,0.27,1049,4.3,4289
1010,88,20231223,87,50.46,236,0.26,54,1.6,4734
1011,88,20231223,87,50.46,236,0.26,54,1.6,4734
1012,11,20231223,64,270.97,9,0.27,1673,1.2,4785
1013,11,20231223,64,270.97,9,0.27,1673,1.2,4785
1014,1,20231223,3,90.68,676,0.35,1257,3.1,4413
1015,1,20231223,3,90.68,676,0.35,1257,3.1,4413
1016,72,20231224,78,379.20,786,0.37,684,4.5,4085
1017,72,20231224,78,379.20,786,0.37,684,4.5,4085
1018,86,20231224,53,172.76,100,0.46,1609,3.8,1223
1019,86,20231224,53,172.76,100,0.46,1609,3.8,1223
1020,63,20231224,52,263.96,757,0.16,1806,3.8,4866
1021,63,20231224,52,263.96,757,0.16,1806,3.8,4866
1022,98,20231225,73,14.22,26,0.23,1919,1.1,2073
1023,98,20231225,73,14.22,26,0.23,1919,1.1,2073
1024,26,20231225,71,300.83,983,0.21,1660,4.2,9
1025,26,20231225,71,300.83,983,0.21,1660,4.2,9
1026,58,20231225,54,113.70,561,0.32,1136,5.0,2827
1027,58,20231225,54,113.70,561,0.32,1136,5.0,2827
1028,29,20231226,85,337.00,381,0.13,1640,1.0,1827
1029,29,20231226,85,337.00,381,0.13,1640,1.0,1827
1030,96,20231226,53,277.04,180,0.08,1487,1.3,2739
1031,96,20231226,53,277.04,180,0.08,1487,1.3,2739
1032,65,20231226,12,420.26,799,0.41,1424,1.5,3629
1033,65,20231226,12,420.26,799,0.41,1424,1.5,3629
1034,49,20231227,87,423.21,924,0.41,888,1.4,3386
1035,49,20231227,87,423.21,924,0.41,888,1.4,3386
1036,17,20231227,44,276.45,261,0.26,335,4.5,1312
1037,17,20231227,44,276.45,261,0.26,335,4.5,1312
1038,88,20231227,5,135.64,246,0.40,1262,4.7,3815
1039,88,20231227,5,135.64,246,0.40,1262,4.7,3815
1040,59,20231228,78,180.06,270,0.02,1526,3.2,2153
1041,59,20231228,78,180.06,270,0.02,1526,3.2,2153
1042,82,20231228,58,258.28,660,0.07,477,4.4,853
1043,82,20231228,58,258.28,660,0.07,477,4.4,853
1044,49,20231228,38,351.63,197,0.46,406,3.9,1914
1045,49,20231228,38,351.63,197,0.46,406,3.9,1914
1046,27,20231228,10,494.01,834,0.22,636,1.5,3729
1047,27,20231228,10,494.01,834,0.22,636,1.5,3729
1048,7,20231228,6,300.03,786,0.39,1205,2.4,3486
1049,7,20231228,6,300.03,786,0.39,1205,2.4,3486
1050,59,20231229,51,394.03,303,0.16,597,3.3,4603
1051,59,20231229,51,394.03,303,0.16,597,3.3,4603
1052,55,20231230,90,178.94,725,0.15,1262,2.8,2942
1053,55,20231230,90,178.94,725,0.15,1262,2.8,2942
1054,13,20231230,22,404.60,119,0.40,1935,5.0,1311
1055,13,20231230,22,404.60,119,0.40,1935,5.0,1311
1056,56,20231230,20,53.31,160,0.22,768,3.8,203
1057,56,20231230,20,53.31,160,0.22,768,3.8,203
1058,90,20231231,17,219.18,414,0.32,1099,2.9,4284
1059,90,20231231,17,219.18,414,0.32,1099,2.9,4284
1060,21,20240101,58,382.45,891,0.36,1185,2.8,4665
1061,21,20240101,58,382.45,891,0.36,1185,2.8,4665
1062,33,20240101,4,174.25,155,0.41,189,1.7,3348
1063,33,20240101,4,174.25,155,0.41,189,1.7,3348
1064,61,20240101,3,96.82,282,0.03,270,2.2,1977
1065,61,20240101,3,96.82,282,0.03,270,2.2,1977
1066,53,20240102,72,91.22,649,0.32,114,4.6,4729
1067,53,20240102,72,91.22,649,0.32,114,4.6,4729
1068,13,20240103,68,110.44,977,0.01,774,2.2,943
1069,13,20240103,68,110.44,977,0.01,774,2.2,943
1070,65,20240104,33,306.94,282,0.37,161,4.4,2410
1071,65,20240104,33,306.94,282,0.37,161,4.4,2410
1072,2,20240104,17,454.71,170,0.10,524,2.0,1678
1073,2,20240104,17,454.71,170,0.10,524,2.0,1678
1074,67,20240105,54,23.65,434,0.27,1431,3.5,4416
1075,67,20240105,54,23.65,434,0.27,1431,3.5,4416
1076,66,20240105,43,24.71,579,0.49,477,2.8,2182
1077,66,20240105,43,24.71,579,0.49,477,2.8,2182
1078,28,20240105,7,413.36,350,0.43,1062,3.1,1286
1079,28,20240105,7,413.36,350,0.43,1062,3.1,1286
1080,28,20240106,4,112.17,677,0.41,1826,4.7,4137
1081,28,20240106,4,112.17,677,0.41,1826,4.7,4137
1082,26,20240107,82,105.33,372,0.14,1562,1.7,963
1083,26,20240107,82,105.33,372,0.14,1562,1.7,963
1084,51,20240107,80,279.31,938,0.30,218,3.8,153
1085,51,20240107,80,279.31,938,0.30,218,3.8,153
1086,14,20240107,54,91.70,477,0.45,419,4.5,2035
1087,14,20240107,54,91.70,477,0.45,419,4.5,2035
1088,43,20240107,36,40.72,324,0.47,1855,4.4,2437
1089,43,20240107,36,40.72,324,0.47,1855,4.4,2437
1090,77,20240107,13,407.85,58,0.40,1644,4.8,3797
1091,77,20240107,13,407.85,58,0.40,1644,4.8,3797
1092,4,20240107,11,274.45,187,0.27,1064,3.3,4859
1093,4,20240107,11,274.45,187,0.27,1064,3.3,4859
1094,38,20240108,73,432.25,865,0.19,194,3.4,3435
1095,38,20240108,73,432.25,865,0.19,194,3.4,3435
1096,16,20240108,71,254.20,62,0.14,665,2.7,4380
1097,16,20240108,71,254.20,62,0.14,665,2.7,4380
1098,24,20240108,47,184.80,496,0.35,1847,3.1,2352
1099,24,20240108,47,184.80,496,0.35,1847,3.1,2352
1100,26,20240110,80,196.65,842,0.41,1725,2.4,2496
1101,26,20240110,80,196.65,842,0.41,1725,2.4,2496
1102,10,20240110,60,191.53,27,0.18,1239,2.9,4569
1103,10,20240110,60,191.53,27,0.18,1239,2.9,4569
1104,13,20240111,68,269.53,933,0.03,1700,4.3,40
1105,13,20240111,68,269.53,933,0.03,1700,4.3,40
1106,57,20240111,12,495.43,449,0.35,938,4.0,2730
1107,57,20240111,12,495.43,449,0.35,938,4.0,2730
1108,15,20240112,70,371.38,875,0.46,1205,2.8,954
1109,15,20240112,70,371.38,875,0.46,1205,2.8,954
1110,7,20240112,44,288.57,547,0.19,95,3.3,1122
1111,7,20240112,44,288.57,547,0.19,95,3.3,1122
1112,98,20240113,18,214.76,226,0.08,1564,1.2,527
1113,98,20240113,18,214.76,226,0.08,1564,1.2,527
1114,79,20240114,30,348.71,80,0.25,1861,1.7,124
1115,79,20240114,30,348.71,80,0.25,1861,1.7,124
1116,75,20240114,9,213.75,637,0.26,309,3.2,3916
1117,75,20240114,9,213.75,637,0.26,309,3.2,3916
1118,59,20240114,6,418.56,967,0.05,1834,3.6,1610
1119,59,20240114,6,418.56,967,0.05,1834,3.6,1610
1120,62,20240115,66,156.44,600,0.36,1922,1.4,1269
1121,62,20240115,66,156.44,600,0.36,1922,1.4,1269
1122,62,20240115,29,267.12,370,0.17,816,4.1,4322
1123,62,20240115,29,267.12,370,0.17,816,4.1,4322
1124,62,20240117,56,153.95,667,0.30,1029,1.2,870
1125,62,20240117,56,153.95,667,0.30,1029,1.2,870
1126,46,20240117,43,445.55,220,0.13,1391,3.2,3180
1127,46,20240117,43,445.55,220,0.13,1391,3.2,3180
1128,5,20240117,39,352.76,369,0.26,1693,1.6,4364
1129,5,20240117,39,352.76,369,0.26,1693,1.6,4364
1130,5,20240117,16,33.55,179,0.19,761,4.8,2849
1131,5,20240117,16,33.55,179,0.19,761,4.8,2849
1132,37,20240118,91,35.06,688,0.30,849,2.0,726
1133,97,20240118,91,57.35,329,0.44,1328,2.1,4264
1134,78,20240118,67,177.21,188,0.25,1102,2.8,294
1135,78,20240118,67,177.21,188,0.25,1102,2.8,294
1136,44,20240118,43,499.74,552,0.24,1519,1.4,2587
1137,44,20240118,43,499.74,552,0.24,1519,1.4,2587
1138,1,20240120,27,469.00,297,0.13,1787,1.6,4061
1139,1,20240120,27,469.00,297,0.13,1787,1.6,4061
1140,4,20240120,24,190.21,981,0.27,751,3.5,197
1141,4,20240120,24,190.21,981,0.27,751,3.5,197
1142,97,20240121,65,118.14,502,0.40,28,3.1,4234
1143,97,20240121,65,118.14,502,0.40,28,3.1,4234
1144,28,20240121,33,155.47,654,0.32,710,3.6,2772
1145,28,20240121,33,155.47,654,0.32,710,3.6,2772
1146,64,20240121,21,432.94,480,0.06,1788,4.3,2044
1147,64,20240121,21,432.94,480,0.06,1788,4.3,2044
1148,35,20240122,55,482.06,665,0.21,895,3.2,1449
1149,35,20240122,55,482.06,665,0.21,895,3.2,1449
1150,59,20240122,38,97.88,753,0.33,92,3.8,1749
1151,59,20240122,38,97.88,753,0.33,92,3.8,1749
1152,6,20240122,35,260.56,19,0.32,511,3.0,4780
1153,6,20240122,35,260.56,19,0.32,511,3.0,4780
1154,38,20240123,91,315.03,748,0.24,1712,2.9,1455
1155,73,20240123,75,135.53,297,0.43,375,1.9,3580
1156,73,20240123,75,135.53,297,0.43,375,1.9,3580
1157,25,20240123,50,44.93,50,0.03,788,4.8,714
1158,25,20240123,50,44.93,50,0.03,788,4.8,714
1159,54,20240123,33,351.25,924,0.25,1522,3.8,448
1160,54,20240123,33,351.25,924,0.25,1522,3.8,448
1161,4,20240124,28,491.26,1,0.50,253,3.1,4976
1162,4,20240124,28,491.26,1,0.50,253,3.1,4976
1163,9,20240124,14,110.49,723,0.25,112,4.9,1810
1164,9,20240124,14,110.49,723,0.25,112,4.9,1810
1165,50,20240125,38,213.09,161,0.39,520,4.0,4538
1166,50,20240125,38,213.09,161,0.39,520,4.0,4538
1167,58,20240126,86,401.16,92,0.12,1083,2.3,903
1168,58,20240126,86,401.16,92,0.12,1083,2.3,903
1169,46,20240126,54,270.69,565,0.18,1848,3.4,699
1170,46,20240126,54,270.69,565,0.18,1848,3.4,699
1171,44,20240126,33,51.82,312,0.41,53,1.2,1548
1172,44,20240126,33,51.82,312,0.41,53,1.2,1548
1173,74,20240127,91,47.61,55,0.21,110,1.0,2226
1174,53,20240127,86,193.02,96,0.16,828,2.1,2895
1175,53,20240127,86,193.02,96,0.16,828,2.1,2895
1176,83,20240127,83,53.98,351,0.24,1341,4.6,3201
1177,83,20240127,83,53.98,351,0.24,1341,4.6,3201
1178,63,20240127,22,418.94,719,0.23,1957,4.7,4567
1179,63,20240127,22,418.94,719,0.23,1957,4.7,4567
1180,97,20240127,19,136.53,282,0.38,1089,2.0,4055
1181,97,20240127,19,136.53,282,0.38,1089,2.0,4055
1182,23,20240128,14,489.53,113,0.12,1561,2.5,3485
1183,23,20240128,14,489.53,113,0.12,1561,2.5,3485
1184,47,20240130,64,71.52,733,0.18,1444,1.1,2222
1185,83,20240130,64,206.92,199,0.37,859,3.7,2489
1186,47,20240130,64,71.52,733,0.18,1444,1.1,2222
1187,83,20240130,64,206.92,199,0.37,859,3.7,2489
1188,13,20240130,51,416.57,980,0.13,1310,1.8,341
1189,13,20240130,51,416.57,980,0.13,1310,1.8,341
1190,1,20240130,17,151.98,681,0.40,1976,1.6,2625
1191,1,20240130,17,151.98,681,0.40,1976,1.6,2625
1192,35,20240131,72,346.56,792,0.41,1689,1.4,2243
1193,35,20240131,72,346.56,792,0.41,1689,1.4,2243
1194,92,20240131,70,412.66,696,0.02,617,1.6,1158
1195,92,20240131,70,412.66,696,0.02,617,1.6,1158
1196,48,20240131,45,39.26,601,0.50,630,3.7,515
1197,48,20240131,45,39.26,601,0.50,630,3.7,515
1198,12,20240131,33,230.95,758,0.26,80,4.6,4637
1199,12,20240131,33,230.95,758,0.26,80,4.6,4637
1200,54,20240131,14,359.35,384,0.46,1364,1.0,120
1201,54,20240131,14,359.35,384,0.46,1364,1.0,120
1202,27,20240201,85,287.84,609,0.20,493,4.0,1347
1203,27,20240201,85,287.84,609,0.20,493,4.0,1347
1204,37,20240201,79,90.76,787,0.39,178,1.7,1573
1205,37,20240201,79,90.76,787,0.39,178,1.7,1573
1206,63,20240201,9,433.83,433,0.45,1494,2.0,2398
1207,63,20240201,9,433.83,433,0.45,1494,2.0,2398
1208,33,20240202,76,494.15,456,0.18,1249,4.6,1899
1209,33,20240202,76,494.15,456,0.18,1249,4.6,1899
1210,59,20240202,27,334.22,119,0.09,1757,1.6,1445
1211,59,20240202,27,334.22,119,0.09,1757,1.6,1445
1212,28,20240203,89,189.81,707,0.22,827,2.4,3046
1213,28,20240203,89,189.81,707,0.22,827,2.4,3046
1214,75,20240203,82,84.17,747,0.03,492,1.6,787
1215,75,20240203,82,84.17,747,0.03,492,1.6,787
1216,21,20240203,22,57.72,503,0.29,1107,2.6,13
1217,21,20240203,22,57.72,503,0.29,1107,2.6,13
1218,14,20240203,17,204.67,46,0.20,1708,4.2,3228
1219,14,20240203,17,204.67,46,0.20,1708,4.2,3228
1220,35,20240204,45,187.92,39,0.25,219,4.6,1898
1221,35,20240204,45,187.92,39,0.25,219,4.6,1898
1222,33,20240204,23,246.65,637,0.36,1009,1.5,3331
1223,33,20240204,23,246.65,637,0.36,1009,1.5,3331
1224,26,20240204,13,224.70,278,0.22,1354,4.6,1000
1225,26,20240204,13,224.70,278,0.22,1354,4.6,1000
1226,53,20240204,9,256.29,87,0.46,1230,1.2,4917
1227,53,20240204,9,256.29,87,0.46,1230,1.2,4917
1228,52,20240205,87,474.07,782,0.25,863,3.0,1497
1229,52,20240205,87,474.07,782,0.25,863,3.0,1497
1230,90,20240205,27,73.25,313,0.31,1945,4.0,3933
1231,90,20240205,27,73.25,313,0.31,1945,4.0,3933
1232,1,20240205,26,406.66,819,0.47,1959,2.4,1734
1233,1,20240205,26,406.66,819,0.47,1959,2.4,1734
1234,34,20240205,18,320.99,505,0.21,246,1.7,1125
1235,34,20240205,18,320.99,505,0.21,246,1.7,1125
1236,23,20240206,83,448.46,21,0.23,514,3.2,3385
1237,23,20240206,83,448.46,21,0.23,514,3.2,3385
1238,87,20240206,29,17.85,484,0.30,1281,4.9,2636
1239,87,20240206,29,17.85,484,0.30,1281,4.9,2636
1240,74,20240207,52,209.61,0,0.10,428,3.1,2749
1241,74,20240207,52,209.61,0,0.10,428,3.1,2749
1242,5,20240207,50,131.87,172,0.01,1243,2.3,3522
1243,5,20240207,50,131.87,172,0.01,1243,2.3,3522
1244,13,20240208,53,202.30,615,0.19,1714,4.3,1318
1245,13,20240208,53,202.30,615,0.19,1714,4.3,1318
1246,71,20240210,76,266.47,889,0.04,924,1.9,3878
1247,71,20240210,76,266.47,889,0.04,924,1.9,3878
1248,51,20240210,60,30.79,559,0.15,152,2.1,3907
1249,51,20240210,60,30.79,559,0.15,152,2.1,3907
1250,42,20240210,31,319.72,289,0.00,82,3.3,2015
1251,42,20240210,31,319.72,289,0.00,82,3.3,2015
1252,8,20240211,26,475.70,407,0.31,1031,4.6,3019
1253,8,20240211,26,475.70,407,0.31,1031,4.6,3019
1254,38,20240212,58,421.34,62,0.28,1659,4.9,3789
1255,38,20240212,58,421.34,62,0.28,1659,4.9,3789
1256,54,20240213,59,139.36,674,0.41,827,2.7,607
1257,54,20240213,59,139.36,674,0.41,827,2.7,607
1258,97,20240213,43,209.10,33,0.06,130,4.7,1209
1259,97,20240213,43,209.10,33,0.06,130,4.7,1209
1260,83,20240213,11,186.59,428,0.27,365,1.3,4136
1261,83,20240213,11,186.59,428,0.27,365,1.3,4136
1262,30,20240214,51,97.40,56,0.19,272,1.1,4283
1263,30,20240214,51,97.40,56,0.19,272,1.1,4283
1264,40,20240215,91,459.15,74,0.29,1848,2.7,359
1265,55,20240215,45,113.83,558,0.20,146,2.2,2294
1266,55,20240215,45,113.83,558,0.20,146,2.2,2294
1267,74,20240215,22,481.95,268,0.08,147,1.5,2476
1268,74,20240215,22,481.95,268,0.08,147,1.5,2476
1269,38,20240215,13,326.76,265,0.25,562,4.6,1996
1270,38,20240215,13,326.76,265,0.25,562,4.6,1996
1271,87,20240216,74,261.46,364,0.10,1784,3.9,18
1272,87,20240216,74,261.46,364,0.10,1784,3.9,18
1273,26,20240216,67,416.37,936,0.41,1676,2.3,2530
1274,26,20240216,67,416.37,936,0.41,1676,2.3,2530
1275,15,20240216,33,299.72,136,0.10,312,2.6,1332
1276,15,20240216,33,299.72,136,0.10,312,2.6,1332
1277,35,20240216,32,161.26,444,0.06,1201,4.8,1931
1278,35,20240216,32,161.26,444,0.06,1201,4.8,1931
1279,61,20240217,50,243.09,566,0.32,1490,3.7,1647
1280,61,20240217,50,243.09,566,0.32,1490,3.7,1647
1281,91,20240219,43,325.51,48,0.32,1813,4.3,3748
1282,91,20240219,43,325.51,48,0.32,1813,4.3,3748
1283,46,20240219,35,496.30,90,0.21,960,2.5,692
1284,46,20240219,35,496.30,90,0.21,960,2.5,692
1285,5,20240219,33,93.05,322,0.29,1815,3.2,569
1286,5,20240219,33,93.05,322,0.29,1815,3.2,569
1287,13,20240219,29,154.08,193,0.27,1136,3.9,3057
1288,13,20240219,29,154.08,193,0.27,1136,3.9,3057
1289,94,20240219,8,234.29,719,0.47,1922,1.4,3302
1290,94,20240219,8,234.29,719,0.47,1922,1.4,3302
1291,68,20240220,64,232.66,598,0.23,1553,4.1,2123
1292,68,20240220,64,232.66,598,0.23,1553,4.1,2123
1293,44,20240220,47,269.00,18,0.10,793,4.2,3234
1294,44,20240220,47,269.00,18,0.10,793,4.2,3234
1295,2,20240220,21,133.37,624,0.50,698,3.0,1636
1296,2,20240220,21,133.37,624,0.50,698,3.0,1636
1297,31,20240220,14,194.19,553,0.39,396,2.6,3493
1298,31,20240220,14,194.19,553,0.39,396,2.6,3493
1299,66,20240221,40,132.26,740,0.45,1029,3.2,4552
1300,66,20240221,40,132.26,740,0.45,1029,3.2,4552
1301,9,20240221,30,410.03,733,0.40,400,4.9,3037
1302,9,20240221,30,410.03,733,0.40,400,4.9,3037
1303,12,20240222,56,396.69,227,0.27,33,3.0,2158
1304,12,20240222,56,396.69,227,0.27,33,3.0,2158
1305,70,20240222,28,80.05,974,0.30,1419,4.0,28
1306,70,20240222,28,80.05,974,0.30,1419,4.0,28
1307,31,20240222,16,380.57,210,0.50,131,4.4,3895
1308,31,20240222,16,380.57,210,0.50,131,4.4,3895
1309,12,20240222,8,251.38,42,0.12,1906,2.3,3818
1310,91,20240222,8,119.27,45,0.01,1187,2.6,1125
1311,12,20240222,8,251.38,42,0.12,1906,2.3,3818
1312,91,20240222,8,119.27,45,0.01,1187,2.6,1125
1313,54,20240223,86,47.55,566,0.48,1571,4.5,2591
1314,54,20240223,86,47.55,566,0.48,1571,4.5,2591
1315,70,20240224,90,188.69,474,0.06,211,4.0,2756
1316,70,20240224,90,188.69,474,0.06,211,4.0,2756
1317,75,20240224,72,334.66,769,0.41,771,4.2,622
1318,75,20240224,72,334.66,769,0.41,771,4.2,622
1319,43,20240224,25,275.44,946,0.18,1377,4.0,2390
1320,43,20240224,25,275.44,946,0.18,1377,4.0,2390
1321,40,20240224,19,306.00,361,0.49,92,4.6,3451
1322,40,20240224,19,306.00,361,0.49,92,4.6,3451
1323,32,20240225,5,259.10,22,0.34,1830,2.2,2066
1324,32,20240225,5,259.10,22,0.34,1830,2.2,2066
1325,22,20240226,39,312.40,885,0.08,1144,3.8,575
1326,22,20240226,39,312.40,885,0.08,1144,3.8,575
1327,35,20240226,35,290.22,572,0.49,1794,3.4,499
1328,35,20240226,35,290.22,572,0.49,1794,3.4,499
1329,20,20240226,30,41.84,242,0.26,1353,2.6,884
1330,20,20240226,30,41.84,242,0.26,1353,2.6,884
1331,66,20240227,66,472.16,92,0.46,287,1.9,3075
1332,66,20240227,66,472.16,92,0.46,287,1.9,3075
1333,35,20240227,59,131.02,905,0.14,1205,4.6,631
1334,35,20240227,59,131.02,905,0.14,1205,4.6,631
1335,77,20240229,30,50.16,378,0.32,236,3.6,3106
1336,77,20240229,30,50.16,378,0.32,236,3.6,3106
1337,1,20240229,27,429.60,919,0.43,1648,2.6,1696
1338,1,20240229,27,429.60,919,0.43,1648,2.6,1696
1339,6,20240229,21,338.86,489,0.44,784,2.4,154
1340,6,20240229,21,338.86,489,0.44,784,2.4,154
1341,100,20240229,20,271.20,562,0.06,454,3.5,1301
1342,100,20240229,20,271.20,562,0.06,454,3.5,1301
1343,17,20240229,2,242.38,16,0.21,60,2.4,2343
1344,17,20240229,2,242.38,16,0.21,60,2.4,2343
1345,77,20240301,79,406.05,269,0.34,517,1.3,3644
1346,77,20240301,79,406.05,269,0.34,517,1.3,3644
1347,18,20240301,78,399.72,934,0.23,1466,4.0,2419
1348,18,20240301,78,399.72,934,0.23,1466,4.0,2419
1349,62,20240301,37,479.48,582,0.47,370,1.9,3847
1350,62,20240301,37,479.48,582,0.47,370,1.9,3847
1351,17,20240302,75,235.24,228,0.00,1458,1.3,3569
1352,17,20240302,75,235.24,228,0.00,1458,1.3,3569
1353,27,20240302,7,196.41,304,0.27,290,3.2,1440
1354,27,20240302,7,196.41,304,0.27,290,3.2,1440
1355,27,20240302,3,349.29,301,0.05,1241,5.0,4795
1356,27,20240302,3,349.29,301,0.05,1241,5.0,4795
1357,98,20240303,82,80.10,538,0.47,870,1.1,616
1358,98,20240303,82,80.10,538,0.47,870,1.1,616
1359,7,20240303,37,85.97,681,0.41,1077,4.9,1715
1360,7,20240303,37,85.97,681,0.41,1077,4.9,1715
1361,2,20240303,15,336.30,986,0.28,1762,3.4,2773
1362,2,20240303,15,336.30,986,0.28,1762,3.4,2773
1363,28,20240303,12,437.93,938,0.29,1339,1.6,405
1364,28,20240303,12,437.93,938,0.29,1339,1.6,405
1365,43,20240304,80,213.74,328,0.43,1845,3.9,4744
1366,43,20240304,80,213.74,328,0.43,1845,3.9,4744
1367,62,20240304,61,261.03,418,0.04,1938,4.1,1003
1368,62,20240304,61,261.03,418,0.04,1938,4.1,1003
1369,44,20240304,60,59.93,922,0.43,1475,2.4,4232
1370,44,20240304,60,59.93,922,0.43,1475,2.4,4232
1371,76,20240305,64,367.36,374,0.25,697,3.3,1129
1372,76,20240305,64,367.36,374,0.25,697,3.3,1129
1373,71,20240306,56,419.33,890,0.29,880,1.8,4675
1374,71,20240306,56,419.33,890,0.29,880,1.8,4675
1375,75,20240306,45,265.72,176,0.48,1634,1.3,3197
1376,75,20240306,45,265.72,176,0.48,1634,1.3,3197
1377,77,20240307,72,352.80,68,0.07,1590,4.4,4280
1378,77,20240307,72,352.80,68,0.07,1590,4.4,4280
1379,80,20240307,26,29.51,846,0.48,793,2.1,4486
1380,80,20240307,26,29.51,846,0.48,793,2.1,4486
1381,51,20240307,10,101.59,900,0.18,1424,1.1,2378
1382,51,20240307,10,101.59,900,0.18,1424,1.1,2378
1383,78,20240307,4,10.11,438,0.38,250,4.7,2721
1384,78,20240307,4,10.11,438,0.38,250,4.7,2721
1385,18,20240308,61,436.35,780,0.26,1439,1.1,4854
1386,18,20240308,61,436.35,780,0.26,1439,1.1,4854
1387,22,20240308,49,370.32,151,0.27,946,4.1,955
1388,22,20240308,49,370.32,151,0.27,946,4.1,955
1389,5,20240308,40,351.03,633,0.08,801,2.6,1081
1390,5,20240308,40,351.03,633,0.08,801,2.6,1081
1391,1,20240308,13,64.34,742,0.24,1020,2.8,863
1392,1,20240308,13,64.34,742,0.24,1020,2.8,863
1393,12,20240309,57,189.02,842,0.04,349,3.0,3421
1394,12,20240309,57,189.02,842,0.04,349,3.0,3421
1395,49,20240309,32,280.83,554,0.43,1683,2.6,4986
1396,49,20240309,32,280.83,554,0.43,1683,2.6,4986
1397,24,20240309,21,83.29,319,0.20,1518,2.9,2013
1398,24,20240309,21,83.29,319,0.20,1518,2.9,2013
1399,85,20240309,14,447.72,803,0.24,1289,2.7,4016
1400,85,20240309,14,447.72,803,0.24,1289,2.7,4016
1401,12,20240310,25,204.95,846,0.41,880,4.9,3
1402,12,20240310,25,204.95,846,0.41,880,4.9,3
1403,38,20240311,63,310.16,453,0.06,1537,4.5,3155
1404,38,20240311,63,310.16,453,0.06,1537,4.5,3155
1405,15,20240312,30,466.74,804,0.35,1129,3.3,2935
1406,91,20240312,30,249.39,680,0.13,1860,3.1,1932
1407,15,20240312,30,466.74,804,0.35,1129,3.3,2935
1408,91,20240312,30,249.39,680,0.13,1860,3.1,1932
1409,48,20240313,67,32.57,321,0.26,943,4.2,4967
1410,48,20240313,67,32.57,321,0.26,943,4.2,4967
1411,44,20240313,41,29.34,885,0.11,63,2.9,2211
1412,44,20240313,41,29.34,885,0.11,63,2.9,2211
1413,50,20240313,36,413.26,386,0.31,832,4.7,3757
1414,50,20240313,36,413.26,386,0.31,832,4.7,3757
1415,97,20240313,33,481.48,605,0.24,128,4.9,120
1416,97,20240313,33,481.48,605,0.24,128,4.9,120
1417,94,20240313,22,34.01,224,0.27,1272,3.3,4468
1418,94,20240313,22,34.01,224,0.27,1272,3.3,4468
1419,24,20240314,75,53.05,102,0.07,870,2.4,917
1420,24,20240314,75,53.05,102,0.07,870,2.4,917
1421,71,20240314,73,415.93,267,0.41,1553,1.3,2155
1422,71,20240314,73,415.93,267,0.41,1553,1.3,2155
1423,85,20240315,54,496.70,160,0.30,1831,4.5,3235
1424,85,20240315,54,496.70,160,0.30,1831,4.5,3235
1425,17,20240315,52,351.05,738,0.11,1143,1.6,4255
1426,17,20240315,52,351.05,738,0.11,1143,1.6,4255
1427,90,20240315,19,159.02,641,0.45,1875,3.5,1189
1428,90,20240315,19,159.02,641,0.45,1875,3.5,1189
1429,52,20240316,10,284.44,562,0.18,488,4.1,1752
1430,52,20240316,10,284.44,562,0.18,488,4.1,1752
1431,22,20240317,25,419.64,519,0.20,477,1.9,4889
1432,22,20240317,25,419.64,519,0.20,477,1.9,4889
1433,31,20240317,2,61.79,7,0.02,1528,5.0,2148
1434,53,20240317,2,281.15,424,0.43,1449,3.0,661
1435,31,20240317,2,61.79,7,0.02,1528,5.0,2148
1436,53,20240317,2,281.15,424,0.43,1449,3.0,661
1437,29,20240318,62,330.50,981,0.41,1764,2.4,2139
1438,29,20240318,62,330.50,981,0.41,1764,2.4,2139
1439,58,20240318,43,189.14,991,0.49,1817,2.4,1036
1440,58,20240318,43,189.14,991,0.49,1817,2.4,1036
1441,32,20240318,19,369.20,65,0.18,1036,3.5,922
1442,32,20240318,19,369.20,65,0.18,1036,3.5,922
1443,26,20240319,22,297.66,961,0.23,1026,1.7,2889
1444,26,20240319,22,297.66,961,0.23,1026,1.7,2889
1445,37,20240320,90,335.99,593,0.05,1774,4.2,419
1446,37,20240320,90,335.99,593,0.05,1774,4.2,419
1447,49,20240320,32,172.90,678,0.47,1164,1.2,2606
1448,49,20240320,32,172.90,678,0.47,1164,1.2,2606
1449,21,20240320,21,84.02,302,0.21,1978,2.7,4116
1450,21,20240320,21,84.02,302,0.21,1978,2.7,4116
1451,51,20240321,43,295.94,257,0.43,1088,3.1,2555
1452,51,20240321,43,295.94,257,0.43,1088,3.1,2555
1453,78,20240322,52,364.16,215,0.15,124,1.9,512
1454,78,20240322,52,364.16,215,0.15,124,1.9,512
1455,19,20240322,24,24.33,362,0.11,1574,4.3,2719
1456,19,20240322,24,24.33,362,0.11,1574,4.3,2719
1457,17,20240323,73,270.98,972,0.45,972,4.8,1711
1458,17,20240323,73,270.98,972,0.45,972,4.8,1711
1459,18,20240323,9,265.44,215,0.38,660,1.3,3663
1460,18,20240323,9,265.44,215,0.38,660,1.3,3663
1461,94,20240324,63,177.77,605,0.38,1820,3.2,3342
1462,94,20240324,63,177.77,605,0.38,1820,3.2,3342
1463,81,20240325,46,228.90,577,0.01,86,1.5,1959
1464,81,20240325,46,228.90,577,0.01,86,1.5,1959
1465,93,20240325,39,133.64,537,0.10,175,4.7,2096
1466,93,20240325,39,133.64,537,0.10,175,4.7,2096
1467,100,20240325,34,465.67,500,0.15,1544,2.8,1417
1468,100,20240325,34,465.67,500,0.15,1544,2.8,1417
1469,61,20240326,68,404.80,652,0.04,848,2.3,2649
1470,61,20240326,68,404.80,652,0.04,848,2.3,2649
1471,25,20240327,67,270.81,419,0.36,1,3.3,105
1472,25,20240327,67,270.81,419,0.36,1,3.3,105
1473,57,20240327,11,213.91,908,0.44,1252,3.1,2535
1474,57,20240327,11,213.91,908,0.44,1252,3.1,2535
1475,86,20240328,90,165.52,890,0.05,1278,1.9,2663
1476,86,20240328,90,165.52,890,0.05,1278,1.9,2663
1477,68,20240328,73,24.04,430,0.12,297,3.3,4586
1478,82,20240328,73,249.63,786,0.28,1952,2.4,2857
1479,68,20240328,73,24.04,430,0.12,297,3.3,4586
1480,82,20240328,73,249.63,786,0.28,1952,2.4,2857
1481,73,20240328,65,400.78,812,0.24,1854,3.7,2038
1482,73,20240328,65,400.78,812,0.24,1854,3.7,2038
1483,33,20240329,59,253.12,709,0.50,123,1.7,398
1484,33,20240329,59,253.12,709,0.50,123,1.7,398
1485,19,20240329,1,472.71,270,0.40,156,1.4,38
1486,19,20240329,1,472.71,270,0.40,156,1.4,38
1487,35,20240330,9,137.06,348,0.23,48,2.7,4676
1488,35,20240330,9,137.06,348,0.23,48,2.7,4676
1489,28,20240331,82,270.92,847,0.11,1549,3.9,3138
1490,28,20240331,82,270.92,847,0.11,1549,3.9,3138
1491,26,20240331,65,453.71,743,0.32,1699,4.1,4131
1492,26,20240331,65,453.71,743,0.32,1699,4.1,4131
1493,11,20240331,54,235.78,944,0.25,1836,1.8,2593
1494,11,20240331,54,235.78,944,0.25,1836,1.8,2593
1495,40,20240331,52,329.62,657,0.20,1452,4.4,1130
1496,40,20240331,52,329.62,657,0.20,1452,4.4,1130
1497,26,20240331,48,499.71,680,0.50,780,1.2,3232
1498,26,20240331,48,499.71,680,0.50,780,1.2,3232
1499,50,20240331,22,51.31,270,0.41,378,4.2,4462
1500,50,20240331,22,51.31,270,0.41,378,4.2,4462
1501,22,20240401,84,435.38,270,0.24,1562,3.9,1809
1502,22,20240401,84,435.38,270,0.24,1562,3.9,1809
1503,100,20240401,49,152.59,105,0.36,1946,4.5,677
1504,100,20240401,49,152.59,105,0.36,1946,4.5,677
1505,67,20240402,83,34.77,662,0.11,969,3.5,925
1506,67,20240402,83,34.77,662,0.11,969,3.5,925
1507,61,20240403,75,156.97,24,0.08,888,3.4,1325
1508,61,20240403,75,156.97,24,0.08,888,3.4,1325
1509,52,20240403,31,432.23,680,0.10,1164,2.1,4858
1510,52,20240403,31,432.23,680,0.10,1164,2.1,4858
1511,91,20240404,80,225.17,897,0.41,491,1.2,1074
1512,91,20240404,80,225.17,897,0.41,491,1.2,1074
1513,8,20240404,41,56.00,271,0.26,703,1.7,4992
1514,8,20240404,41,56.00,271,0.26,703,1.7,4992
1515,86,20240404,14,308.02,681,0.46,1651,2.8,3099
1516,86,20240404,14,308.02,681,0.46,1651,2.8,3099
1517,55,20240404,6,100.97,302,0.34,802,3.7,2668
1518,55,20240404,6,100.97,302,0.34,802,3.7,2668
1519,76,20240404,3,401.34,142,0.08,1843,4.7,271
1520,76,20240404,3,401.34,142,0.08,1843,4.7,271
1521,10,20240405,61,53.71,144,0.17,24,3.1,4632
1522,10,20240405,61,53.71,144,0.17,24,3.1,4632
1523,79,20240406,78,490.82,924,0.17,78,2.5,1357
1524,79,20240406,78,490.82,924,0.17,78,2.5,1357
1525,96,20240406,33,382.03,947,0.17,1148,3.5,3497
1526,96,20240406,33,382.03,947,0.17,1148,3.5,3497
1527,35,20240407,49,441.00,679,0.49,1049,4.5,3048
1528,35,20240407,49,441.00,679,0.49,1049,4.5,3048
1529,57,20240408,58,158.78,827,0.24,1168,2.2,3183
1530,57,20240408,58,158.78,827,0.24,1168,2.2,3183
1531,42,20240408,44,164.66,539,0.36,1461,3.6,3220
1532,42,20240408,44,164.66,539,0.36,1461,3.6,3220
1533,76,20240409,79,222.69,64,0.18,626,1.5,3560
1534,76,20240409,79,222.69,64,0.18,626,1.5,3560
1535,68,20240409,68,125.15,902,0.07,1471,4.3,4780
1536,68,20240409,68,125.15,902,0.07,1471,4.3,4780
1537,21,20240409,41,120.51,385,0.40,394,1.6,116
1538,21,20240409,41,120.51,385,0.40,394,1.6,116
1539,13,20240410,44,335.13,688,0.28,341,1.7,3432
1540,13,20240410,44,335.13,688,0.28,341,1.7,3432
1541,52,20240410,41,54.78,110,0.37,1070,1.8,150
1542,52,20240410,41,54.78,110,0.37,1070,1.8,150
1543,1,20240410,12,90.98,343,0.20,647,1.1,2568
1544,1,20240410,12,90.98,343,0.20,647,1.1,2568
1545,54,20240411,86,302.61,489,0.29,1493,3.6,803
1546,54,20240411,86,302.61,489,0.29,1493,3.6,803
1547,4,20240411,14,66.78,929,0.05,502,4.5,4875
1548,4,20240411,14,66.78,929,0.05,502,4.5,4875
1549,33,20240412,44,214.82,288,0.26,1596,1.4,597
1550,33,20240412,44,214.82,288,0.26,1596,1.4,597
1551,55,20240412,29,143.25,194,0.47,1245,3.8,4334
1552,55,20240412,29,143.25,194,0.47,1245,3.8,4334
1553,55,20240412,10,161.81,745,0.27,276,2.0,2359
1554,55,20240412,10,161.81,745,0.27,276,2.0,2359
1555,35,20240413,21,101.83,485,0.27,210,4.4,1395
1556,35,20240413,21,101.83,485,0.27,210,4.4,1395
1557,22,20240414,86,254.12,548,0.50,872,3.2,661
1558,22,20240414,86,254.12,548,0.50,872,3.2,661
1559,60,20240414,83,192.83,939,0.25,1448,4.8,2324
1560,60,20240414,83,192.83,939,0.25,1448,4.8,2324
1561,47,20240414,59,495.75,539,0.39,1552,3.2,3871
1562,47,20240414,59,495.75,539,0.39,1552,3.2,3871
1563,41,20240414,58,193.65,200,0.49,76,2.9,785
1564,41,20240414,58,193.65,200,0.49,76,2.9,785
1565,64,20240414,3,216.17,985,0.20,709,3.4,3076
1566,64,20240414,3,216.17,985,0.20,709,3.4,3076
1567,64,20240415,85,234.97,59,0.06,981,2.2,2722
1568,64,20240415,85,234.97,59,0.06,981,2.2,2722
1569,8,20240415,52,206.11,928,0.11,133,2.9,823
1570,8,20240415,52,206.11,928,0.11,133,2.9,823
1571,70,20240415,43,270.62,557,0.23,1918,4.5,3603
1572,70,20240415,43,270.62,557,0.23,1918,4.5,3603
1573,52,20240415,29,448.72,186,0.23,444,3.7,4663
1574,52,20240415,29,448.72,186,0.23,444,3.7,4663
1575,94,20240415,24,95.24,721,0.46,1555,1.2,4969
1576,94,20240415,24,95.24,721,0.46,1555,1.2,4969
1577,17,20240416,53,60.52,816,0.07,329,2.3,4090
1578,17,20240416,53,60.52,816,0.07,329,2.3,4090
1579,31,20240417,40,286.58,381,0.50,1276,1.8,4737
1580,31,20240417,40,286.58,381,0.50,1276,1.8,4737
1581,58,20240417,10,82.17,807,0.06,235,4.9,2040
1582,58,20240417,10,82.17,807,0.06,235,4.9,2040
1583,57,20240418,88,470.57,906,0.42,1178,3.0,4383
1584,57,20240418,88,470.57,906,0.42,1178,3.0,4383
1585,27,20240418,66,348.10,617,0.05,632,1.8,207
1586,27,20240418,66,348.10,617,0.05,632,1.8,207
1587,13,20240418,39,125.59,982,0.46,1854,1.7,1205
1588,13,20240418,39,125.59,982,0.46,1854,1.7,1205
1589,42,20240419,24,369.67,348,0.02,1858,4.1,4117
1590,42,20240419,24,369.67,348,0.02,1858,4.1,4117
1591,91,20240420,32,76.47,452,0.47,737,2.0,2597
1592,91,20240420,32,76.47,452,0.47,737,2.0,2597
1593,72,20240421,39,205.59,576,0.49,327,3.4,1243
1594,72,20240421,39,205.59,576,0.49,327,3.4,1243
1595,61,20240421,23,398.85,494,0.07,542,1.1,1719
1596,61,20240421,23,398.85,494,0.07,542,1.1,1719
1597,60,20240421,21,44.81,275,0.03,727,1.8,762
1598,60,20240421,21,44.81,275,0.03,727,1.8,762
1599,2,20240421,20,472.03,232,0.20,1853,2.3,1495
1600,2,20240421,20,472.03,232,0.20,1853,2.3,1495
1601,11,20240422,59,449.43,671,0.09,633,2.9,4188
1602,11,20240422,59,449.43,671,0.09,633,2.9,4188
1603,6,20240422,36,444.44,799,0.29,853,1.1,4929
1604,6,20240422,36,444.44,799,0.29,853,1.1,4929
1605,22,20240423,22,100.91,519,0.39,1709,4.5,3380
1606,22,20240423,22,100.91,519,0.39,1709,4.5,3380
1607,67,20240423,4,448.89,440,0.07,1311,2.2,3406
1608,67,20240423,4,448.89,440,0.07,1311,2.2,3406
1609,83,20240424,81,304.68,188,0.37,1152,2.4,4503
1610,83,20240424,81,304.68,188,0.37,1152,2.4,4503
1611,42,20240424,20,87.73,638,0.03,1739,4.5,4449
1612,42,20240424,20,87.73,638,0.03,1739,4.5,4449
1613,78,20240425,57,278.97,698,0.30,1762,1.8,2212
1614,78,20240425,57,278.97,698,0.30,1762,1.8,2212
1615,54,20240425,54,16.55,231,0.01,383,2.6,2104
1616,54,20240425,54,16.55,231,0.01,383,2.6,2104
1617,12,20240425,46,401.71,55,0.44,830,3.5,2286
1618,12,20240425,46,401.71,55,0.44,830,3.5,2286
1619,49,20240426,27,158.44,410,0.14,1208,2.3,1135
1620,49,20240426,27,158.44,410,0.14,1208,2.3,1135
1621,38,20240427,82,24.54,658,0.23,126,3.7,1517
1622,38,20240427,82,24.54,658,0.23,126,3.7,1517
1623,96,20240427,66,360.33,596,0.31,947,2.0,2705
1624,96,20240427,66,360.33,596,0.31,947,2.0,2705
1625,20,20240427,26,282.53,294,0.10,1548,4.0,1547
1626,20,20240427,26,282.53,294,0.10,1548,4.0,1547
1627,1,20240427,22,290.28,171,0.47,476,4.1,16
1628,1,20240427,22,290.28,171,0.47,476,4.1,16
1629,10,20240427,21,352.10,731,0.14,908,3.1,2508
1630,10,20240427,21,352.10,731,0.14,908,3.1,2508
1631,22,20240427,7,18.75,535,0.46,898,4.2,692
1632,22,20240427,7,18.75,535,0.46,898,4.2,692
1633,39,20240428,87,347.25,343,0.25,74,1.6,1399
1634,39,20240428,87,347.25,343,0.25,74,1.6,1399
1635,79,20240428,42,211.49,500,0.20,210,3.7,4846
1636,79,20240428,42,211.49,500,0.20,210,3.7,4846
1637,82,20240429,24,462.10,421,0.42,1724,3.0,4505
1638,82,20240429,24,462.10,421,0.42,1724,3.0,4505
1639,63,20240429,10,313.43,461,0.03,383,2.3,4621
1640,63,20240429,10,313.43,461,0.03,383,2.3,4621
1641,14,20240501,68,122.22,645,0.17,1202,3.2,197
1642,14,20240501,68,122.22,645,0.17,1202,3.2,197
1643,80,20240501,51,152.77,458,0.45,1436,2.7,3605
1644,80,20240501,51,152.77,458,0.45,1436,2.7,3605
1645,21,20240502,84,126.40,292,0.43,1004,4.9,374
1646,21,20240502,84,126.40,292,0.43,1004,4.9,374
1647,45,20240502,46,103.88,854,0.25,1738,4.7,3699
1648,45,20240502,46,103.88,854,0.25,1738,4.7,3699
1649,17,20240503,27,252.62,114,0.41,1591,2.9,2396
1650,17,20240503,27,252.62,114,0.41,1591,2.9,2396
1651,88,20240503,18,450.63,361,0.24,1798,3.5,654
1652,88,20240503,18,450.63,361,0.24,1798,3.5,654
1653,31,20240504,78,444.59,121,0.41,1654,3.6,4066
1654,31,20240504,78,444.59,121,0.41,1654,3.6,4066
1655,70,20240504,19,84.21,528,0.26,941,2.7,4516
1656,70,20240504,19,84.21,528,0.26,941,2.7,4516
1657,37,20240504,14,186.59,628,0.20,1677,1.3,1336
1658,37,20240504,14,186.59,628,0.20,1677,1.3,1336
1659,31,20240505,89,95.31,351,0.03,137,1.4,2037
1660,31,20240505,89,95.31,351,0.03,137,1.4,2037
1661,49,20240505,77,302.58,303,0.17,1361,3.4,1629
1662,49,20240505,77,302.58,303,0.17,1361,3.4,1629
1663,55,20240505,62,223.85,992,0.29,1791,3.7,2378
1664,55,20240505,62,223.85,992,0.29,1791,3.7,2378
1665,44,20240506,42,154.36,291,0.42,0,1.1,1088
1666,44,20240506,42,154.36,291,0.42,0,1.1,1088
1667,37,20240506,20,380.54,937,0.45,124,2.8,4637
1668,37,20240506,20,380.54,937,0.45,124,2.8,4637
1669,50,20240506,11,322.60,419,0.27,1642,4.3,679
1670,50,20240506,11,322.60,419,0.27,1642,4.3,679
1671,13,20240507,25,204.36,68,0.24,1785,4.8,4501
1672,13,20240507,25,204.36,68,0.24,1785,4.8,4501
1673,93,20240508,69,116.69,921,0.24,535,3.5,1836
1674,93,20240508,69,116.69,921,0.24,535,3.5,1836
1675,41,20240508,48,75.87,203,0.40,1687,2.2,1999
1676,41,20240508,48,75.87,203,0.40,1687,2.2,1999
1677,9,20240508,40,482.86,458,0.47,587,1.5,375
1678,9,20240508,40,482.86,458,0.47,587,1.5,375
1679,4,20240508,7,57.86,427,0.25,1966,3.7,1478
1680,4,20240508,7,57.86,427,0.25,1966,3.7,1478
1681,11,20240509,58,82.07,507,0.03,68,4.7,2832
1682,11,20240509,58,82.07,507,0.03,68,4.7,2832
1683,7,20240510,10,434.93,663,0.34,1698,3.5,851
1684,7,20240510,10,434.93,663,0.34,1698,3.5,851
1685,77,20240511,89,320.30,662,0.37,1337,2.8,2728
1686,77,20240511,89,320.30,662,0.37,1337,2.8,2728
1687,99,20240512,89,194.73,173,0.01,219,4.9,3677
1688,99,20240512,89,194.73,173,0.01,219,4.9,3677
1689,95,20240512,74,77.49,757,0.03,575,1.2,1468
1690,95,20240512,74,77.49,757,0.03,575,1.2,1468
1691,33,20240512,44,367.46,827,0.07,1592,4.1,685
1692,33,20240512,44,367.46,827,0.07,1592,4.1,685
1693,93,20240512,39,319.21,787,0.26,1325,1.1,4343
1694,93,20240512,39,319.21,787,0.26,1325,1.1,4343
1695,97,20240513,89,438.03,490,0.37,891,1.9,3697
1696,97,20240513,89,438.03,490,0.37,891,1.9,3697
1697,32,20240514,75,60.05,128,0.40,1583,3.6,424
1698,32,20240514,75,60.05,128,0.40,1583,3.6,424
1699,54,20240514,67,341.96,484,0.10,43,4.0,3426
1700,54,20240514,67,341.96,484,0.10,43,4.0,3426
1701,49,20240514,62,369.41,127,0.38,759,1.5,3474
1702,49,20240514,62,369.41,127,0.38,759,1.5,3474
1703,8,20240514,48,353.47,794,0.35,1540,1.3,2993
1704,8,20240514,48,353.47,794,0.35,1540,1.3,2993
1705,19,20240514,1,448.51,616,0.20,634,4.4,1290
1706,19,20240514,1,448.51,616,0.20,634,4.4,1290
1707,29,20240515,3,236.35,398,0.47,498,5.0,4531
1708,29,20240515,3,236.35,398,0.47,498,5.0,4531
1709,91,20240516,77,80.34,891,0.26,1903,1.7,4198
1710,91,20240516,77,80.34,891,0.26,1903,1.7,4198
1711,18,20240517,76,364.81,570,0.49,1900,3.5,3726
1712,18,20240517,76,364.81,570,0.49,1900,3.5,3726
1713,58,20240518,70,12.62,852,0.20,338,4.8,4804
1714,58,20240518,70,12.62,852,0.20,338,4.8,4804
1715,6,20240518,45,246.44,884,0.05,395,3.0,143
1716,6,20240518,45,246.44,884,0.05,395,3.0,143
1717,83,20240518,6,345.10,985,0.16,73,1.1,2494
1718,83,20240518,6,345.10,985,0.16,73,1.1,2494
1719,42,20240519,32,12.14,234,0.33,928,1.7,3988
1720,42,20240519,32,12.14,234,0.33,928,1.7,3988
1721,82,20240520,52,184.49,191,0.41,580,3.7,142
1722,82,20240520,52,184.49,191,0.41,580,3.7,142
1723,66,20240521,71,202.04,829,0.49,1891,3.8,3498
1724,66,20240521,71,202.04,829,0.49,1891,3.8,3498
1725,2,20240521,15,375.78,400,0.15,687,3.6,1218
1726,2,20240521,15,375.78,400,0.15,687,3.6,1218
1727,35,20240522,38,442.38,15,0.49,1132,4.2,3958
1728,35,20240522,38,442.38,15,0.49,1132,4.2,3958
1729,56,20240523,75,277.34,833,0.26,334,4.9,4177
1730,56,20240523,75,277.34,833,0.26,334,4.9,4177
1731,16,20240523,72,410.55,385,0.18,1142,2.4,4841
1732,16,20240523,72,410.55,385,0.18,1142,2.4,4841
1733,29,20240523,65,382.89,973,0.10,1441,1.1,2256
1734,29,20240523,65,382.89,973,0.10,1441,1.1,2256
1735,52,20240524,37,369.02,58,0.18,49,2.6,887
1736,52,20240524,37,369.02,58,0.18,49,2.6,887
1737,28,20240524,21,387.27,292,0.15,663,3.2,4954
1738,28,20240524,21,387.27,292,0.15,663,3.2,4954
1739,13,20240524,17,110.52,476,0.24,1447,1.8,4524
1740,13,20240524,17,110.52,476,0.24,1447,1.8,4524
1741,54,20240524,5,377.20,508,0.21,1312,3.3,2410
1742,54,20240524,5,377.20,508,0.21,1312,3.3,2410
1743,66,20240525,73,463.97,330,0.21,1778,2.7,3066
1744,66,20240525,73,463.97,330,0.21,1778,2.7,3066
1745,23,20240525,53,145.65,636,0.11,1260,3.4,1269
1746,23,20240525,53,145.65,636,0.11,1260,3.4,1269
1747,78,20240525,17,62.93,471,0.02,12,1.9,2921
1748,78,20240525,17,62.93,471,0.02,12,1.9,2921
1749,46,20240526,89,357.60,920,0.37,613,4.8,674
1750,46,20240526,89,357.60,920,0.37,613,4.8,674
1751,92,20240526,59,104.21,462,0.29,121,2.2,4681
1752,92,20240526,59,104.21,462,0.29,121,2.2,4681
1753,99,20240526,54,206.17,555,0.24,1452,4.8,4293
1754,99,20240526,54,206.17,555,0.24,1452,4.8,4293
1755,68,20240526,25,193.61,11,0.21,1578,3.2,4987
1756,68,20240526,25,193.61,11,0.21,1578,3.2,4987
1757,48,20240526,18,202.30,358,0.29,717,4.0,3696
1758,48,20240526,18,202.30,358,0.29,717,4.0,3696
1759,90,20240526,12,180.43,3,0.04,599,3.5,3905
1760,90,20240526,12,180.43,3,0.04,599,3.5,3905
1761,38,20240527,64,33.59,631,0.09,694,4.6,4008
1762,38,20240527,64,33.59,631,0.09,694,4.6,4008
1763,68,20240527,57,211.48,983,0.28,143,2.7,2363
1764,68,20240527,57,211.48,983,0.28,143,2.7,2363
1765,85,20240527,36,109.96,83,0.03,667,4.3,4020
1766,85,20240527,36,109.96,83,0.03,667,4.3,4020
1767,75,20240527,18,298.17,914,0.40,1048,2.3,220
1768,75,20240527,18,298.17,914,0.40,1048,2.3,220
1769,97,20240528,34,48.75,588,0.48,991,2.8,2737
1770,97,20240528,34,48.75,588,0.48,991,2.8,2737
1771,6,20240529,54,46.16,401,0.08,1328,3.2,3512
1772,6,20240529,54,46.16,401,0.08,1328,3.2,3512
1773,7,20240530,34,76.94,537,0.41,920,3.8,2806
1774,7,20240530,34,76.94,537,0.41,920,3.8,2806
1775,58,20240530,5,175.45,765,0.26,1619,5.0,2334
1776,58,20240530,5,175.45,765,0.26,1619,5.0,2334
1777,41,20240531,43,359.84,204,0.46,775,4.3,2307
1778,41,20240531,43,359.84,204,0.46,775,4.3,2307
1779,26,20240531,29,476.22,628,0.41,664,4.4,1947
1780,26,20240531,29,476.22,628,0.41,664,4.4,1947
1781,29,20240531,18,43.40,78,0.48,1979,1.1,536
1782,29,20240531,18,43.40,78,0.48,1979,1.1,536
1783,7,20240531,13,407.49,42,0.10,396,4.3,3913
1784,5,20240531,13,232.73,655,0.37,970,3.5,3330
1785,7,20240531,13,407.49,42,0.10,396,4.3,3913
1786,5,20240531,13,232.73,655,0.37,970,3.5,3330
1787,85,20240601,63,341.44,739,0.38,576,2.2,3823
1788,85,20240601,63,341.44,739,0.38,576,2.2,3823
1789,15,20240601,55,324.16,810,0.30,1683,3.8,793
1790,15,20240601,55,324.16,810,0.30,1683,3.8,793
1791,59,20240601,49,487.92,809,0.47,1938,4.3,3135
1792,59,20240601,49,487.92,809,0.47,1938,4.3,3135
1793,30,20240601,7,65.84,287,0.31,1249,2.9,3983
1794,30,20240601,7,65.84,287,0.31,1249,2.9,3983
1795,23,20240602,87,298.32,918,0.23,1418,3.4,4396
1796,23,20240602,87,298.32,918,0.23,1418,3.4,4396
1797,32,20240602,69,441.91,873,0.33,472,2.1,1855
1798,32,20240602,69,441.91,873,0.33,472,2.1,1855
1799,10,20240602,29,413.04,708,0.31,449,4.8,255
1800,10,20240602,29,413.04,708,0.31,449,4.8,255
1801,88,20240603,86,324.96,971,0.12,100,3.9,4310
1802,88,20240603,86,324.96,971,0.12,100,3.9,4310
1803,23,20240603,85,245.95,893,0.34,1763,1.5,3344
1804,23,20240603,85,245.95,893,0.34,1763,1.5,3344
1805,73,20240603,64,112.12,495,0.16,767,1.5,66
1806,73,20240603,64,112.12,495,0.16,767,1.5,66
1807,74,20240603,38,17.16,14,0.19,1191,2.4,478
1808,74,20240603,38,17.16,14,0.19,1191,2.4,478
1809,88,20240603,7,20.29,255,0.44,1755,1.1,4452
1810,88,20240603,7,20.29,255,0.44,1755,1.1,4452
1811,23,20240604,85,336.76,335,0.47,891,1.6,4403
1812,23,20240604,85,336.76,335,0.47,891,1.6,4403
1813,45,20240604,55,480.47,246,0.20,361,3.1,929
1814,45,20240604,55,480.47,246,0.20,361,3.1,929
1815,46,20240604,44,277.82,2,0.08,1116,2.7,1757
1816,46,20240604,44,277.82,2,0.08,1116,2.7,1757
1817,62,20240604,36,347.49,21,0.24,1231,4.6,1232
1818,62,20240604,36,347.49,21,0.24,1231,4.6,1232
1819,55,20240605,74,175.23,268,0.20,304,1.6,4166
1820,55,20240605,74,175.23,268,0.20,304,1.6,4166
1821,17,20240605,62,495.17,675,0.32,947,3.7,4811
1822,17,20240605,62,495.17,675,0.32,947,3.7,4811
1823,5,20240605,47,67.36,491,0.43,1253,1.6,953
1824,5,20240605,47,67.36,491,0.43,1253,1.6,953
1825,51,20240605,40,316.26,882,0.25,839,2.3,3093
1826,51,20240605,40,316.26,882,0.25,839,2.3,3093
1827,22,20240605,37,474.20,317,0.31,382,3.5,1107
1828,22,20240605,37,474.20,317,0.31,382,3.5,1107
1829,49,20240605,12,316.35,448,0.01,1091,2.5,283
1830,49,20240605,12,316.35,448,0.01,1091,2.5,283
1831,74,20240606,52,329.96,248,0.05,322,3.3,813
1832,74,20240606,52,329.96,248,0.05,322,3.3,813
1833,11,20240606,36,41.12,384,0.01,822,1.1,510
1834,11,20240606,36,41.12,384,0.01,822,1.1,510
1835,43,20240607,63,303.57,139,0.02,1781,2.4,3630
1836,43,20240607,63,303.57,139,0.02,1781,2.4,3630
1837,86,20240607,14,203.10,187,0.40,782,4.4,253
1838,86,20240607,14,203.10,187,0.40,782,4.4,253
1839,18,20240608,32,176.54,38,0.16,496,3.9,4459
1840,18,20240608,32,176.54,38,0.16,496,3.9,4459
1841,86,20240608,23,125.44,594,0.12,521,2.2,220
1842,86,20240608,23,125.44,594,0.12,521,2.2,220
1843,21,20240610,86,113.07,927,0.47,1888,2.4,935
1844,21,20240610,86,113.07,927,0.47,1888,2.4,935
1845,96,20240610,82,99.88,870,0.07,946,1.0,4025
1846,96,20240610,82,99.88,870,0.07,946,1.0,4025
1847,15,20240610,72,425.58,547,0.32,81,1.5,914
1848,15,20240610,72,425.58,547,0.32,81,1.5,914
1849,83,20240610,64,376.82,435,0.27,1945,2.9,3010
1850,83,20240610,64,376.82,435,0.27,1945,2.9,3010
1851,94,20240610,54,293.59,825,0.35,1622,3.5,1601
1852,94,20240610,54,293.59,825,0.35,1622,3.5,1601
1853,52,20240610,3,204.83,97,0.24,207,2.1,4873
1854,52,20240610,3,204.83,97,0.24,207,2.1,4873
1855,23,20240611,36,289.60,344,0.34,800,1.1,1863
1856,23,20240611,36,289.60,344,0.34,800,1.1,1863
1857,10,20240611,17,412.68,828,0.02,837,2.4,4777
1858,10,20240611,17,412.68,828,0.02,837,2.4,4777
1859,99,20240525,92,136.57,618,0.22,1770,4.5,2720
1860,99,20240525,92,136.57,618,0.22,1770,4.5,2720
1861,75,20231031,93,247.06,588,0.30,1878,2.7,1181
1862,75,20231031,93,247.06,588,0.30,1878,2.7,1181
1863,38,20240207,98,446.15,786,0.01,1467,2.4,3219
1864,38,20240207,98,446.15,786,0.01,1467,2.4,3219
1865,63,20231111,97,165.60,292,0.44,1603,4.4,3190
1866,63,20231111,97,165.60,292,0.44,1603,4.4,3190
1867,42,20230812,99,84.28,277,0.27,1188,1.1,3807
1868,42,20230812,99,84.28,277,0.27,1188,1.1,3807
1869,67,20230923,99,204.87,922,0.35,71,4.9,4922
1870,67,20230923,99,204.87,922,0.35,71,4.9,4922
1871,81,20231109,94,404.75,555,0.27,1613,2.2,4825
1872,81,20231109,94,404.75,555,0.27,1613,2.2,4825
1873,54,20230915,97,149.90,338,0.41,1960,3.1,3484
1874,54,20230915,97,149.90,338,0.41,1960,3.1,3484
1875,97,20231002,91,409.36,600,0.05,991,2.0,550
1876,89,20231217,93,302.11,555,0.34,325,4.0,417
1877,89,20231217,93,302.11,555,0.34,325,4.0,417
1878,86,20231202,97,230.62,127,0.03,391,2.0,1467
1879,86,20231202,97,230.62,127,0.03,391,2.0,1467
1880,42,20240401,95,53.42,990,0.03,1378,3.0,413
1881,42,20240401,95,53.42,990,0.03,1378,3.0,413
1882,39,20240117,95,220.91,173,0.39,1896,2.3,3659
1883,39,20240117,95,220.91,173,0.39,1896,2.3,3659
1884,60,20230920,101,416.36,95,0.08,191,3.8,3373
1885,60,20230920,101,416.36,95,0.08,191,3.8,3373
1886,70,20240501,99,244.38,415,0.41,196,1.1,3733
1887,70,20240501,99,244.38,415,0.41,196,1.1,3733
1888,33,20230814,96,121.32,639,0.32,515,4.3,854
1889,33,20230814,96,121.32,639,0.32,515,4.3,854
1890,91,20231216,94,232.42,575,0.14,636,3.0,1928
1891,91,20231216,94,232.42,575,0.14,636,3.0,1928
1892,32,20230827,91,422.03,788,0.41,758,1.2,2279
1893,85,20231210,95,481.09,776,0.02,1081,3.5,4144
1894,85,20231210,95,481.09,776,0.02,1081,3.5,4144
1895,37,20240118,91,35.06,688,0.30,849,2.0,726
1896,97,20240118,91,57.35,329,0.44,1328,2.1,4264
1897,71,20230706,101,340.11,51,0.25,876,4.1,1499
1898,71,20230706,101,340.11,51,0.25,876,4.1,1499
1899,92,20231127,96,208.50,502,0.25,1697,1.0,2042
1900,92,20231127,96,208.50,502,0.25,1697,1.0,2042
1901,80,20240408,96,431.23,53,0.01,847,1.7,60
1902,80,20240408,96,431.23,53,0.01,847,1.7,60
1903,46,20240311,97,361.98,595,0.28,1877,2.0,4282
1904,46,20240311,97,361.98,595,0.28,1877,2.0,4282
1905,65,20230716,92,44.00,909,0.40,313,1.4,1751
1906,65,20230716,92,44.00,909,0.40,313,1.4,1751
1907,46,20230709,101,105.96,24,0.39,1324,1.6,25
1908,46,20230709,101,105.96,24,0.39,1324,1.6,25
1909,57,20231017,92,443.45,211,0.11,464,1.5,4274
1910,57,20231017,92,443.45,211,0.11,464,1.5,4274
1911,74,20240127,91,47.61,55,0.21,110,1.0,2226
1912,46,20230921,93,220.06,652,0.00,739,1.1,3947
1913,46,20230921,93,220.06,652,0.00,739,1.1,3947
1914,69,20240527,93,269.69,376,0.20,507,3.7,1869
1915,69,20240527,93,269.69,376,0.20,507,3.7,1869
1916,75,20230714,96,348.46,529,0.46,1578,3.9,3096
1917,75,20230714,96,348.46,529,0.46,1578,3.9,3096
1918,87,20230714,92,239.18,483,0.28,1676,3.4,2194
1919,87,20230714,92,239.18,483,0.28,1676,3.4,2194
1920,71,20240221,99,159.81,851,0.34,28,2.6,3996
1921,71,20240221,99,159.81,851,0.34,28,2.6,3996
1922,99,20231209,100,61.84,788,0.47,56,3.0,1176
1923,99,20231209,100,61.84,788,0.47,56,3.0,1176
1924,86,20231119,98,206.83,332,0.33,44,3.0,2084
1925,86,20231119,98,206.83,332,0.33,44,3.0,2084
1926,69,20230913,99,409.73,333,0.03,347,2.9,2829
1927,69,20230913,99,409.73,333,0.03,347,2.9,2829
1928,38,20240123,91,315.03,748,0.24,1712,2.9,1455
1929,67,20230711,95,29.24,810,0.49,1411,2.1,3722
1930,67,20230711,95,29.24,810,0.49,1411,2.1,3722
1931,77,20231015,100,433.11,700,0.07,1245,1.5,351
1932,77,20231015,100,433.11,700,0.07,1245,1.5,351
1933,41,20240529,97,102.04,563,0.32,1905,3.9,1589
1934,41,20240529,97,102.04,563,0.32,1905,3.9,1589
1935,64,20230903,99,422.05,71,0.40,1845,1.9,1262
1936,64,20230903,99,422.05,71,0.40,1845,1.9,1262
1937,33,20230909,93,184.43,830,0.25,31,4.9,2290
1938,33,20230909,93,184.43,830,0.25,31,4.9,2290
1939,33,20231112,94,276.98,213,0.01,743,4.0,4979
1940,33,20231112,94,276.98,213,0.01,743,4.0,4979
1941,70,20240321,97,156.40,286,0.16,475,4.6,1268
1942,70,20240321,97,156.40,286,0.16,475,4.6,1268
1943,99,20230701,101,268.60,201,0.39,1546,3.2,841
1944,99,20230701,101,268.60,201,0.39,1546,3.2,841
1945,57,20230701,95,415.06,798,0.40,572,4.6,956
1946,57,20230701,95,415.06,798,0.40,572,4.6,956
1947,54,20231110,97,93.24,901,0.37,400,1.8,219
1948,54,20231110,97,93.24,901,0.37,400,1.8,219
1949,95,20231110,91,483.61,938,0.42,839,2.8,1840
1950,96,20230926,95,320.26,681,0.01,1884,3.9,4727
1951,96,20230926,95,320.26,681,0.01,1884,3.9,4727
1952,36,20230615,92,390.59,618,0.03,249,1.3,1719
1953,36,20230615,92,390.59,618,0.03,249,1.3,1719
1954,69,20240131,97,16.32,908,0.48,290,3.2,935
1955,69,20240131,97,16.32,908,0.48,290,3.2,935
1956,56,20230728,92,471.85,850,0.04,205,1.2,2370
1957,56,20230728,92,471.85,850,0.04,205,1.2,2370
1958,60,20240610,101,395.05,155,0.38,1295,3.4,1520
1959,60,20240610,101,395.05,155,0.38,1295,3.4,1520
1960,39,20240412,92,492.08,261,0.45,1745,2.1,4005
1961,39,20240412,92,492.08,261,0.45,1745,2.1,4005
1962,61,20231125,98,266.34,241,0.28,1203,3.8,3623
1963,61,20231125,98,266.34,241,0.28,1203,3.8,3623
1964,91,20240602,100,177.61,724,0.11,640,4.2,3392
1965,91,20240602,100,177.61,724,0.11,640,4.2,3392
1966,75,20240605,96,131.78,272,0.15,972,2.3,1577
1967,75,20240605,96,131.78,272,0.15,972,2.3,1577
1968,38,20240423,97,420.69,34,0.13,493,2.1,2315
1969,38,20240423,97,420.69,34,0.13,493,2.1,2315
1970,92,20240217,92,173.55,116,0.28,1897,3.3,2886
1971,92,20240217,92,173.55,116,0.28,1897,3.3,2886
1972,74,20240415,95,138.05,27,0.26,1560,2.7,3472
1973,74,20240415,95,138.05,27,0.26,1560,2.7,3472
1974,40,20240215,91,459.15,74,0.29,1848,2.7,359
1975,35,20240604,92,331.82,778,0.10,1609,4.3,4402
1976,35,20240604,92,331.82,778,0.10,1609,4.3,4402
1977,82,20231126,97,245.34,810,0.06,1357,3.6,1357
1978,82,20231126,97,245.34,810,0.06,1357,3.6,1357
1979,99,20240505,95,177.42,860,0.36,1340,4.8,340
1980,99,20240505,95,177.42,860,0.36,1340,4.8,340
1981,94,20240424,97,94.38,242,0.42,1997,2.7,4766
1982,94,20240424,97,94.38,242,0.42,1997,2.7,4766
1983,25,20230930,91,207.46,930,0.17,1811,1.7,4225
1984,25,20230930,91,207.46,930,0.17,1811,1.7,4225
1985,33,20240426,95,184.77,596,0.16,904,4.0,484
1986,33,20240426,95,184.77,596,0.16,904,4.0,484
1987,43,20231201,100,379.18,126,0.44,546,4.1,200
1988,43,20231201,100,379.18,126,0.44,546,4.1,200
1989,62,20231115,100,223.47,749,0.04,795,4.2,1378
1990,62,20231115,100,223.47,749,0.04,795,4.2,1378
1991,48,20231115,94,183.59,389,0.14,597,4.8,2500
1992,48,20231115,94,183.59,389,0.14,597,4.8,2500
1993,89,20240523,97,227.87,65,0.46,446,1.1,4934
1994,89,20240523,97,227.87,65,0.46,446,1.1,4934
1995,81,20240416,96,257.41,24,0.06,737,4.1,3865
1996,81,20240416,96,257.41,24,0.06,737,4.1,3865
1997,43,20240213,99,66.85,928,0.47,1752,1.2,1948
1998,97,20240213,99,207.72,16,0.46,325,2.3,1973
1999,43,20240213,99,66.85,928,0.47,1752,1.2,1948
2000,97,20240213,99,207.72,16,0.46,325,2.3,1973
